Customer_ID,First_Name,Last_Name,Email,City,State,Phone_Number,Membership_Status,Registration_Date
1,Sean,Adams,james68@guerrero.com,South Daniel,Louisiana,001-919-081-0936x16644,Silver,2023-07-31
2,Angela,Schneider,dana99@weber.net,Port Justinburgh,Nebraska,(662)724-6932x264,Bronze,2020-04-18
3,David,Houston,barbaraperry@cunningham.com,Grahamberg,Massachusetts,+1-751-571-5667,Silver,2022-10-26
4,Hayden,Case,simpsonjohn@gardner.com,East Craigport,Montana,(929)024-6463x1058,None,2021-02-15
5,Christie,Guerra,manningfrances@gmail.com,Lake Kevin,New Mexico,9562954971,Bronze,2024-06-19
6,Paige,Walters,kerrypineda@lee.net,New Davidville,Maine,378.977.9891,None,2021-12-17
7,Randy,Fisher,phouston@dunlap.com,Ryanfort,Massachusetts,+1-144-713-4006x808,Gold,2024-05-02
8,Emily,Ferguson,wjennings@gomez-nelson.com,New Kevin,Illinois,223.025.9794x911,Silver,2021-09-02
9,Nicholas,Cook,aaguilar@hotmail.com,New Williamville,North Dakota,4034946244,Silver,2022-05-01
10,Seth,Miller,chunt@hughes.com,New Kathryn,Delaware,435.682.7235x407,Bronze,2020-01-31
11,Aimee,Farmer,nicole94@ruiz.com,Port Jeff,Hawaii,747-630-4418x371,Gold,2023-06-10
12,Donald,Sampson,robinbrown@smith.com,Lake Elizabeth,Arkansas,+1-125-120-0623,None,2022-05-20
13,Russell,Hughes,tchristian@taylor.com,North Amandahaven,Rhode Island,636.327.3826,None,2022-08-11
14,Rebecca,Riley,lynnbuchanan@sexton-johnson.com,North Joton,Indiana,+1-413-672-1162x562,Silver,2023-05-09
15,Mary,Weber,kathryn57@gmail.com,North Seanshire,Vermont,844-877-6666x6539,None,2022-04-10
16,Cindy,Sutton,john96@hotmail.com,Ericstad,South Dakota,(617)857-4397x987,Silver,2023-06-20
17,James,Barrett,driley@cain.info,Joshuaton,South Carolina,004.421.3821x52200,None,2023-08-26
18,Jennifer,Terry,stewartjames@meyer.com,Lake Dominic,Rhode Island,+1-105-697-2826x58662,Gold,2023-12-10
19,Eddie,Davis,poolejennifer@gmail.com,Lake Wendyberg,Illinois,281-900-7273,Silver,2020-04-27
20,John,Williams,kelly50@hoover.org,North Kenneth,Ohio,+1-977-899-8057x751,Bronze,2020-02-13
21,Michael,Smith,benjamin71@yahoo.com,Katelynmouth,New Jersey,(017)451-5228,None,2020-08-02
22,Carol,Roach,hartmandenise@merritt.com,Laurastad,Iowa,(288)174-9994x83317,Gold,2021-03-31
23,Wanda,Mercer,hillmindy@brock.com,West James,Tennessee,(666)689-4954x46924,Bronze,2022-03-01
24,Rebecca,Gates,molly77@cook.com,Floydburgh,Hawaii,+1-445-126-6960x5936,Bronze,2022-02-09
25,Adam,Lewis,lindagriffin@miranda.com,Port Ryan,Connecticut,001-306-587-9883x393,Silver,2020-06-10
26,Erik,Brandt,nellis@anderson.org,South Melissa,Connecticut,7293818451,Bronze,2023-10-07
27,Tina,Fernandez,juarezkevin@yahoo.com,Lake Gabriel,Missouri,+1-618-982-8607x058,Silver,2022-12-13
28,Karen,Thomas,sharon62@yahoo.com,West Benjaminside,Minnesota,926-945-4937x442,None,2023-09-25
29,Anthony,Park,fowens@watson.biz,East Ian,Utah,593-234-2826,None,2024-08-29
30,John,White,esmith@hotmail.com,East Kaitlynland,South Dakota,3598558387,Bronze,2020-09-25
31,Kayla,Johnson,albertdiaz@yahoo.com,Krystalstad,Oregon,(642)122-7066x1509,Gold,2021-07-07
32,Mary,Mcgrath,floressarah@hernandez-soto.com,Jenkinston,Missouri,2062729116,Silver,2022-01-11
33,Matthew,Howell,diazdavid@yahoo.com,North Carriehaven,Arkansas,969-125-3315x52869,Gold,2024-01-19
34,Brian,Mccormick,kelly63@rodriguez.com,South Michaelshire,Montana,149-498-3801,Gold,2022-06-13
35,Craig,Jackson,lynchleslie@hotmail.com,Lake Thomas,Utah,995.783.6128x98166,Bronze,2022-04-19
36,Ronnie,Scott,ataylor@gmail.com,Lake Angieshire,Michigan,001-762-653-4183x79568,Silver,2023-07-03
37,Matthew,Trujillo,dbecker@gmail.com,New Thomasview,Ohio,710-589-8119,Bronze,2022-07-10
38,Jacob,Kent,kbryan@yahoo.com,Josephbury,New York,076.432.7849,Bronze,2023-05-19
39,Sarah,Harrington,ericasosa@johnson.info,Lake Richard,Maine,368-624-6489,Bronze,2020-10-01
40,Erin,Jimenez,ymartinez@gmail.com,Lake Allen,Connecticut,+1-295-959-5284x77175,Gold,2020-10-23
41,Jeffrey,Brown,wdavis@ford-rice.com,North Christian,Hawaii,(786)035-8861x27304,Gold,2023-09-08
42,Angela,Dennis,kayla15@brown.info,Port Chelsea,Colorado,363.617.4604x61918,None,2023-04-28
43,Raymond,Robertson,francistravis@hotmail.com,North Laura,South Carolina,+1-048-869-1146x40429,None,2020-02-24
44,Victor,Rodriguez,aliceestrada@mccarthy-dennis.com,Tiffanyshire,Tennessee,(018)186-6257,Gold,2023-03-07
45,Sarah,Buckley,annalara@hotmail.com,Susanview,Maryland,805.420.5730x33072,Bronze,2020-06-23
46,Scott,Smith,zmiller@yahoo.com,West Marcfort,Indiana,3458951021,Bronze,2020-05-23
47,Daniel,Hardy,nicolefarrell@smith.org,West Drewbury,Maryland,9164856982,Gold,2022-04-09
48,Brooke,Lopez,jessicajones@gmail.com,Port Jessica,Minnesota,482-668-1511x4791,Silver,2022-11-21
49,Mary,Park,nancypotts@boyer.com,Lake Samantha,West Virginia,937.990.2404x4026,Bronze,2021-07-24
50,Melissa,Smith,moranmatthew@hotmail.com,Garciafurt,Ohio,169-982-6794x3947,Silver,2024-02-12
51,Shane,Diaz,jonesbrian@gmail.com,South Rachelside,Alabama,3929313434,Silver,2022-08-22
52,Paul,Hill,patricia49@thompson-escobar.com,New Michaelhaven,Arkansas,+1-630-250-2511x221,None,2023-02-16
53,Jason,Miles,evansbrianna@gmail.com,Port Sylviafurt,Hawaii,(841)139-2375,None,2020-04-29
54,Tracy,Shah,robertjohnson@braun.com,Rojashaven,Virginia,(719)508-8993x290,Silver,2021-10-05
55,Rodney,Holmes,mckenziemargaret@hotmail.com,Livingstonmouth,Nebraska,137.710.8499x9782,Gold,2024-08-20
56,Christina,Patterson,sandovalmatthew@durham.com,Port Robin,Louisiana,890.807.2200x8530,Silver,2021-07-31
57,Jimmy,Davis,stephen17@montes-patrick.net,New Kenneth,Delaware,001-914-417-5651x7847,Silver,2023-02-04
58,Tami,May,wesley96@hotmail.com,Bettystad,Washington,(385)075-4977x68988,Gold,2024-10-11
59,Tina,Montoya,james67@yahoo.com,Martinton,Connecticut,(563)206-3777,Bronze,2020-05-31
60,Michele,Rich,kimberlycole@valdez.com,Port Kennethside,Montana,+1-468-738-1998x8325,None,2020-09-25
61,James,Miller,fandrews@gmail.com,Conradtown,Delaware,(535)720-3003x9958,Silver,2023-05-01
62,Bailey,Riddle,georgejohnson@yahoo.com,Bakerbury,Kentucky,001-091-251-8938x666,Bronze,2024-07-14
63,Linda,Brown,mcphersonchris@yahoo.com,Port Heather,Arkansas,(193)515-1168,Bronze,2020-10-18
64,Michael,Wilson,tsullivan@williams-baldwin.com,Aaronland,Maine,+1-940-570-4546x21288,Silver,2024-03-01
65,Jason,Miller,cruiz@hotmail.com,Joetown,Illinois,001-097-229-5755x14420,Silver,2023-03-20
66,Laura,James,xfoster@cherry.org,New Steve,Alaska,7559712232,Gold,2023-11-15
67,John,Garza,jason24@gonzalez.com,North Tammy,Indiana,079-344-9863x33374,Bronze,2022-07-26
68,Raymond,Allen,melindadavis@ryan.com,Westburgh,Delaware,(694)266-5541x2349,Gold,2021-09-24
69,Jennifer,Peterson,xsimpson@mendoza.com,Port Ethanchester,Ohio,001-853-772-0682x429,None,2023-11-06
70,Michael,Walsh,nicholetyler@rodriguez-liu.biz,North Victoriastad,South Carolina,926.184.8245x65127,Gold,2020-05-29
71,Elizabeth,Powers,gmendez@yahoo.com,Beverlyview,North Dakota,770.617.4879x846,Bronze,2022-05-09
72,Susan,Flores,jessica98@gmail.com,New Joel,New Jersey,001-034-191-4382,Silver,2022-05-22
73,Danny,Baker,iherman@wolfe.com,Jimmyhaven,Florida,(351)037-5939,Silver,2023-07-31
74,Christopher,Brown,marquezhunter@gmail.com,Jefferyberg,New Jersey,761-557-6176,None,2021-11-25
75,James,Phillips,joanna71@carey.com,New David,Maine,015.303.3313x042,Bronze,2021-10-08
76,Carly,Johnson,panderson@gmail.com,Franklinfurt,North Dakota,933-275-1781x2582,Silver,2022-05-01
77,Jimmy,Shaffer,ewilliams@yahoo.com,Andersontown,South Dakota,+1-657-506-5731,None,2023-05-19
78,Michael,Daniels,foxdanielle@yahoo.com,Petersfurt,Wyoming,+1-680-170-7324x0966,Gold,2024-03-09
79,Crystal,Wilson,johnsonclayton@santana.info,Mollyshire,Kansas,9607282569,None,2021-07-21
80,Richard,Mays,jasonkidd@klein-vasquez.com,North Roger,Wyoming,339.928.2490,Bronze,2024-06-15
81,Kevin,Ellis,alexander01@gmail.com,North Tiffanyfurt,Louisiana,672.161.2614,Silver,2024-10-08
82,Richard,Edwards,johnsonkristen@hotmail.com,Lake Paultown,Illinois,001-720-880-3720,Bronze,2023-12-22
83,Ronnie,Perkins,sho@williams.org,South Lindsay,Minnesota,+1-805-927-2029,Silver,2022-05-21
84,Sarah,Thompson,oalexander@stewart.com,North Royberg,Oklahoma,654.447.7468,None,2020-03-13
85,William,Tucker,timothygray@davis-morrison.com,Howellbury,Wyoming,832.452.8137x928,Bronze,2024-02-25
86,Allison,York,ryan76@gmail.com,Jameshaven,Arkansas,(881)500-1240,None,2020-03-29
87,Sheila,Smith,bjohnson@roach-jones.com,New Susanton,North Carolina,001-560-821-1346,Gold,2021-07-04
88,Jody,Sanchez,alanochoa@jones-wilkins.com,North Tammy,Oregon,262.623.8392,Bronze,2023-05-13
89,Kathleen,Johnson,tarabennett@arnold.com,Bishopmouth,Hawaii,8828621343,Bronze,2023-03-24
90,Brendan,Gay,hmoore@myers-perkins.com,North Sheila,Tennessee,1420458726,Silver,2024-05-08
91,Colin,Holland,victorcurry@barr.biz,East Michael,Missouri,723-171-5586x65023,Bronze,2022-05-15
92,Anna,Myers,lunarandy@mullins-roberts.net,West Shane,Ohio,(349)959-9566,Gold,2022-02-16
93,Brandi,Gardner,barajasjoshua@gmail.com,West Joshua,Hawaii,(799)224-0144x602,Bronze,2021-07-20
94,Cheyenne,Martinez,rodgersnatalie@smith.com,Sandersbury,Hawaii,+1-812-057-7753x454,Silver,2021-12-18
95,Ryan,Moore,khines@gmail.com,South Paigefort,Delaware,+1-479-369-1694x037,Bronze,2020-07-29
96,Tammy,Harris,scochran@hotmail.com,East Jamesville,Wisconsin,001-915-038-6138x7936,Gold,2024-07-31
97,Joseph,Brown,umurray@davis-wilkinson.com,Taylorhaven,Nebraska,001-604-699-7857x54644,None,2022-05-11
98,Dennis,Butler,mosleykarla@james.org,Josephtown,Nevada,139-864-5421x5817,None,2020-03-25
99,Stacy,King,uroberts@gmail.com,South Yvetteside,Georgia,+1-733-227-1277,None,2022-11-27
100,Christine,Lopez,ireynolds@garcia-rodriguez.com,Flemingstad,Minnesota,+1-315-721-4920x42337,None,2023-03-09
101,Kevin,Pearson,dgarcia@yahoo.com,East Sharonstad,Delaware,001-833-002-3036x4073,Silver,2023-09-12
102,Jessica,Miller,nperez@hotmail.com,Ericaburgh,New Jersey,+1-456-448-1340,Silver,2023-09-06
103,Angelica,Williams,lindajackson@yahoo.com,Matthewstad,Hawaii,606.733.1661x001,Bronze,2023-07-11
104,Jocelyn,Lane,fstevens@gmail.com,New Tammyberg,Florida,734-911-5204,Bronze,2024-07-18
105,Andrew,Martin,juliajohnson@allison.net,South Thomas,Colorado,001-539-256-4693x1758,Bronze,2022-07-15
106,Michael,Wise,zmiranda@dalton.com,Guzmanbury,Texas,843.864.8041,Silver,2020-01-18
107,Billy,Johnson,brandymarquez@walker.net,New Joseph,Texas,(301)972-0654,Silver,2022-12-29
108,Andrew,Garza,garciamelissa@berry-davila.com,Wigginsborough,Indiana,281.386.8673,Bronze,2021-11-23
109,Nathan,Lutz,cwilliams@gmail.com,Rosarioton,Michigan,+1-953-399-9615x433,Silver,2023-03-12
110,Christina,Rosario,hsmith@stone.com,Stoutberg,Hawaii,(710)293-6553x8404,Gold,2020-05-23
111,Maria,Mays,kevinwilliams@johnson-carrillo.biz,North Jose,Florida,+1-602-237-5625x4009,None,2020-06-22
112,Jared,Estrada,hwright@hotmail.com,Warrenport,New Mexico,001-895-531-9364x10262,Silver,2020-06-10
113,Bonnie,Patterson,medinatyler@hotmail.com,South Veronica,South Dakota,001-684-827-5537x53116,Silver,2020-12-31
114,Jessica,Nguyen,allisonsmith@leonard.com,Jaredland,Maryland,090-285-9136,Silver,2022-06-12
115,Joseph,Brock,bcarlson@tyler.com,Aaronfurt,Rhode Island,(317)934-4927x438,Silver,2020-10-03
116,James,Gallegos,martinezmichael@skinner.info,East Zachary,Tennessee,001-831-634-6471x31258,Gold,2022-07-07
117,James,Johnson,devin41@miller.info,Shawhaven,Georgia,756-850-1099,Silver,2022-12-31
118,Virginia,Farrell,joseph48@yahoo.com,Port Michaelville,Pennsylvania,001-226-168-5236,Gold,2020-11-18
119,Matthew,Adams,meadowsaaron@yahoo.com,Bassmouth,Vermont,(522)361-6891x845,Gold,2021-05-15
120,Daniel,Watts,torresalison@gmail.com,South Melanie,Massachusetts,7076705143,Silver,2020-09-17
121,Douglas,Brewer,velazqueztaylor@frey-gordon.com,Christianview,Utah,001-563-168-5681x68662,Bronze,2021-02-02
122,Michelle,Lewis,benjamin11@yahoo.com,Wrightview,Delaware,536.877.3831x19826,Bronze,2024-03-03
123,Crystal,Walker,jacob10@glover.com,East Deborahburgh,Idaho,8881519988,Silver,2022-03-28
124,Kaitlin,Reid,ethan99@hotmail.com,North Amyport,Oregon,530-487-8586x44830,Gold,2020-12-09
125,Marie,Roberts,taylordiana@hotmail.com,North Seantown,Idaho,+1-428-439-3209x9691,Gold,2020-03-27
126,Kevin,Patel,audreyweeks@hotmail.com,South Jacobstad,Florida,754.870.2324x736,Bronze,2020-01-04
127,Harold,Smith,sabrina57@hotmail.com,East Zacharyside,West Virginia,(630)191-8375,Bronze,2020-09-09
128,Kayla,Griffin,mrussell@rodgers.info,Port Charles,Florida,926.484.5110,Silver,2024-05-29
129,Amanda,Castillo,garciaandrea@hotmail.com,Smithside,New Mexico,+1-022-684-2474,Silver,2021-09-22
130,Rodney,Burns,amyhawkins@thomas-ramirez.net,Lake Nicole,South Carolina,+1-212-932-4435,Bronze,2022-11-08
131,Jennifer,Nash,robinjefferson@miller.com,South Maryport,Kansas,753.738.5403x259,Gold,2023-07-01
132,Steven,Sosa,martinjessica@hotmail.com,Sophiafurt,Iowa,3006178123,Silver,2023-08-23
133,Pamela,Walker,veronica35@lawson.com,East Andrewhaven,Georgia,(037)042-4378,Silver,2020-10-03
134,Samuel,Schultz,ubrown@hotmail.com,Lake Ericstad,New Jersey,188.191.4243,Bronze,2022-01-24
135,Jordan,Stevens,blee@gmail.com,North Charlesmouth,Wisconsin,001-122-276-9520x751,Gold,2022-01-02
136,Lori,Thompson,vvalenzuela@gmail.com,East Rhonda,Alaska,001-701-240-1742x140,None,2024-05-25
137,Sherri,Wallace,mariagibson@yahoo.com,Flynnhaven,Maine,9170550080,None,2023-07-05
138,Jesus,Mitchell,kelsey38@bradford.com,New David,Illinois,9641226475,None,2023-10-14
139,Bryan,Barajas,clarkjennifer@smith-frazier.biz,Stevenshire,Kentucky,(118)606-3782,Silver,2021-09-20
140,Justin,Smith,xbrown@hotmail.com,New Ann,Alabama,+1-717-125-8869x50669,Gold,2024-01-18
141,Margaret,Ellis,sharon85@yahoo.com,South Paul,Michigan,(571)597-3985,Silver,2021-12-09
142,Gary,Wilson,christopherwilson@yahoo.com,Amyburgh,Nebraska,797.345.1358,Bronze,2021-11-24
143,Courtney,Morris,brent11@olsen.com,New Travis,Nebraska,641.830.2599,None,2021-07-23
144,Jonathan,King,joanna43@robinson.net,East Donna,Arkansas,602.819.4471,Gold,2020-02-27
145,Jessica,Coleman,williamsdavid@green.com,Jaredside,Missouri,375-477-0382,Gold,2021-06-25
146,Robert,Harrington,bwilson@hotmail.com,Lake Emma,Kentucky,(527)470-1729,Gold,2022-11-13
147,Whitney,Whitney,andreedwards@love.net,North Barbarachester,Connecticut,919-027-9193,Gold,2023-09-06
148,Cynthia,Miller,iwebb@snyder-guerrero.biz,Rileyborough,Maryland,(881)086-3788x5634,Silver,2022-05-14
149,Anthony,Duncan,johnmurphy@hotmail.com,Nancybury,Montana,001-514-534-4024x4728,Bronze,2020-06-18
150,Jennifer,Hood,drew60@yahoo.com,Lake Hannahborough,Minnesota,(198)415-5012,Gold,2024-10-02
151,Charles,Moody,joy93@santiago.org,Lake Cherylstad,New Mexico,001-197-325-7189x24930,Bronze,2023-06-21
152,Richard,Rodriguez,suarezbrandon@hotmail.com,Jonathanton,New Mexico,364-830-4267x4906,Bronze,2024-04-02
153,Tamara,Wells,yvonnecombs@hoover.com,Ramirezfort,Hawaii,338.276.5232x854,Bronze,2023-09-29
154,Michael,Yates,denise63@yahoo.com,West Jonathanview,Ohio,001-854-137-5314x543,Silver,2023-08-09
155,Kelly,Price,myerslauren@yahoo.com,South Tonya,Rhode Island,+1-049-886-7104,Gold,2020-09-27
156,Katherine,Martinez,melissahenson@turner.org,New Lisaborough,New Mexico,+1-793-557-8088x174,None,2020-07-19
157,Philip,Jones,anthonygonzales@gmail.com,Cartertown,Virginia,(930)016-8649,Gold,2020-07-14
158,Aaron,Hill,davidmoses@lewis.info,Cohenview,Pennsylvania,425.712.4245x4200,Gold,2021-06-21
159,Dana,Harrison,victoriajackson@yahoo.com,Clarkmouth,Vermont,+1-260-291-2333x2978,Bronze,2022-05-16
160,Craig,Patterson,griffincharles@lucas.com,Whitehaven,Kansas,987.337.0728x01016,Bronze,2022-10-18
161,Denise,Rodgers,dayjeremy@hotmail.com,East Seanstad,Florida,935.198.7562x52282,Gold,2021-10-10
162,Jason,Rodriguez,alexisespinoza@bauer.com,Lake Douglasburgh,New York,+1-796-550-7520x0070,Gold,2023-01-08
163,Michael,Gonzalez,cchambers@wilson.info,Zimmermanfort,New York,109-516-1768x3825,Gold,2021-12-27
164,Megan,Wilson,potterangela@petty.biz,North William,Washington,001-283-237-6348x0504,None,2024-10-12
165,Sharon,Schultz,sweeneyscott@yahoo.com,Reynoldsshire,Florida,(944)758-5870,Silver,2022-02-12
166,James,Lopez,kenneth04@yahoo.com,New Jeanette,South Dakota,001-418-221-6839x7674,None,2023-05-25
167,Eric,Bailey,smithsteven@gmail.com,West Lindabury,Utah,+1-317-991-9080,Gold,2024-02-19
168,Kelsey,Woods,hkennedy@gmail.com,West Jonathanfort,Montana,+1-711-606-7446,Bronze,2021-01-25
169,Mitchell,Hamilton,perryflynn@hotmail.com,Dicksonview,West Virginia,478.262.9110x36671,Silver,2021-03-19
170,Sherry,Pace,myerssheila@gmail.com,Escobarshire,Georgia,001-402-566-7765x74253,Silver,2020-07-31
171,Tammy,Galloway,ebrooks@yahoo.com,Lake Timothy,Montana,9300780516,Silver,2023-01-18
172,Greg,White,crosscindy@yahoo.com,Elizabethtown,Connecticut,001-953-788-0425x57486,Gold,2022-12-05
173,Theresa,Vaughan,nbarber@castillo-sexton.biz,Port Margarettown,Alaska,784.156.7472x223,None,2021-11-18
174,Morgan,Williams,wbrown@hotmail.com,Port Amyhaven,Colorado,(374)670-7379x30351,None,2022-09-30
175,Tanya,Hampton,smithnicole@duran.com,New Robert,Louisiana,001-029-666-8724x9126,Bronze,2021-05-14
176,Emily,Mathis,irwinmichelle@koch-kent.com,West David,Illinois,814-930-2237x0306,None,2020-05-05
177,Michael,Williams,ramirezjacqueline@yahoo.com,Simmonsport,North Dakota,+1-421-862-1021x585,Gold,2021-07-01
178,Scott,Roy,iwallace@lee-riley.info,Port Brianport,Hawaii,(121)706-4349x03073,None,2023-12-15
179,Jessica,Elliott,vickifields@nolan.com,New Philip,Arkansas,+1-615-991-4614,None,2023-07-09
180,Angela,Clark,denise21@morris.com,Smithmouth,Wisconsin,(541)669-8811x94007,Gold,2021-02-16
181,Zachary,Pierce,jeffrey73@brown.org,Lake Samuelland,Arkansas,(964)507-8275x403,Bronze,2022-03-18
182,Heather,Kelly,kennethsmith@brady-jones.com,East Bruceland,Massachusetts,415-721-1610,Silver,2023-12-21
183,Pamela,Hardin,karen25@jones.com,West Michael,California,(324)354-3087,Gold,2020-04-11
184,Lisa,Henderson,tina33@hotmail.com,Port Kennethberg,Mississippi,(808)508-0552,Gold,2023-10-12
185,Juan,Holland,adam38@gmail.com,Port Lisafort,Minnesota,(506)114-6651,Silver,2023-07-12
186,Laura,Baker,rachel42@yahoo.com,New Jacquelineview,Rhode Island,023.262.6170x76093,None,2024-09-05
187,Kimberly,Thompson,carolyn79@hotmail.com,Adamsborough,Oklahoma,+1-282-967-8932x1344,Silver,2020-11-29
188,Stephen,Joseph,ewright@hotmail.com,Ronaldshire,Utah,001-810-204-3573x040,Silver,2020-12-03
189,Victoria,Cook,cherylking@obrien.com,Sherryland,Rhode Island,001-452-859-9449,Gold,2024-05-14
190,Abigail,Perez,bwhite@hotmail.com,New Chad,North Carolina,749.344.6605x434,Gold,2022-07-07
191,Gavin,Martinez,rossvincent@flores.info,West Donna,Nevada,+1-749-695-4090,Bronze,2023-06-11
192,Elizabeth,Hall,rachelmartinez@hotmail.com,Williamsonshire,Vermont,001-580-172-6048x72093,None,2020-01-22
193,Michael,Young,ndaniels@edwards-christensen.com,Martinmouth,Alaska,908-214-3093x9482,None,2021-02-15
194,Kristine,Martinez,browntiffany@hotmail.com,South Jenniferland,Illinois,+1-859-475-1001x79191,Bronze,2020-12-31
195,Luke,Roberts,hughesbrian@yahoo.com,Port Donald,Oklahoma,(840)936-9167x042,Gold,2020-02-27
196,Eric,Olson,bruceblack@yahoo.com,South Laurachester,California,(993)524-7053,Gold,2021-06-20
197,Debra,Gilbert,vdominguez@hotmail.com,Angelaborough,Oregon,961.498.4861x12510,Silver,2023-12-23
198,Anthony,Hansen,laurieshaw@holt-zamora.net,Wyattfurt,Wyoming,+1-688-819-7922x37463,Gold,2024-09-07
199,Brian,Stewart,diazjohn@greene-martinez.info,New Robert,Kansas,(161)069-0723,Silver,2021-07-22
200,Jillian,Williams,aallison@hotmail.com,Tylerton,Washington,+1-885-075-6331x764,Gold,2022-02-02
201,George,Ford,daniel11@rios-lee.com,East Stephanie,Hawaii,1916036908,Gold,2022-08-16
202,Bryan,Oneill,idiaz@buckley.com,Hallton,Michigan,4605713671,None,2020-09-13
203,Brandon,Hodge,huffsteven@hotmail.com,Rebeccaville,Connecticut,(520)572-6498,None,2023-12-08
204,Lori,Mccarthy,susanbrown@hotmail.com,Julieside,Florida,001-461-140-6441x963,Bronze,2024-05-23
205,Marisa,Ward,williamscody@buchanan.com,North Annahaven,Rhode Island,988.282.9147,Silver,2021-04-21
206,Nathaniel,Ellis,millsdennis@schmidt.biz,Evanbury,West Virginia,(472)177-5367,None,2021-08-31
207,Jesse,Mason,brianrivas@hotmail.com,Port Cynthia,Hawaii,328.745.4378x93568,Silver,2022-08-30
208,Cathy,Morse,bwilson@gmail.com,Whitefort,Indiana,000-186-7992x42227,Silver,2021-01-27
209,Timothy,Trujillo,jonathan38@yahoo.com,Jeremychester,New Mexico,271.587.5397x26962,Silver,2021-02-20
210,Kristi,Robinson,ubishop@yahoo.com,Daniellebury,Maryland,624-223-6738x892,Bronze,2023-08-03
211,Craig,Peck,glopez@gmail.com,Hernandezside,New Mexico,372.596.3266,Silver,2023-09-01
212,Thomas,Wilson,jacobclarke@gmail.com,West Williamton,Colorado,+1-961-192-3282x3293,None,2024-08-22
213,Anita,Lee,patricia88@mcdaniel-cunningham.com,New Kelseyport,Georgia,010-788-1601,Silver,2024-08-15
214,Anna,Flores,iosborn@nguyen.com,Kevinport,Florida,(797)742-7171x837,Silver,2023-02-23
215,Chelsea,Nguyen,sandyrogers@ortega-roman.net,West Heather,Kentucky,(591)166-9088x463,None,2020-04-21
216,Donna,Alexander,mannkenneth@bryan.com,North Kathrynmouth,Nebraska,747-771-2773x53568,Gold,2023-04-18
217,Patricia,Snyder,james88@ross-white.net,Christianville,Kansas,566.105.5615x416,Gold,2022-11-04
218,Priscilla,Barker,pamela65@yahoo.com,West Stephen,Georgia,(779)300-4659,None,2021-05-14
219,Heather,Moore,michellealexander@mayo.org,South Elizabethton,Florida,(620)276-9032,None,2022-09-17
220,Sarah,Shelton,thomascox@hotmail.com,Hallport,New Hampshire,(315)128-6788,None,2023-09-17
221,Madeline,Barrett,karencurtis@yahoo.com,South Bobby,Arizona,7247060560,Bronze,2023-11-13
222,Joseph,Hernandez,blackamanda@galvan.net,Jeffreyborough,Maryland,+1-993-914-0367x9726,Silver,2023-11-14
223,Patricia,Parker,hmccarty@carr-burnett.com,Hayesmouth,Utah,376-400-9513x3889,Silver,2024-09-14
224,Christopher,Kirk,justinscott@yahoo.com,Lake Shannon,South Carolina,266.027.3674x740,Silver,2024-06-07
225,Thomas,Hoffman,poolewilliam@yahoo.com,Sharonport,Louisiana,001-806-564-4178x452,None,2022-10-16
226,Eric,Alvarez,wellskatherine@hotmail.com,Beanmouth,Illinois,042.164.4364,None,2021-04-09
227,Steven,Wagner,gary23@yahoo.com,Lake James,Arizona,194-978-8701x2008,Gold,2021-09-06
228,Frank,Irwin,douglas49@smith.net,Morganchester,Arizona,(748)533-3587x3861,Gold,2022-01-01
229,Debbie,Baxter,fjones@freeman.org,Thomasburgh,Maine,6475801786,Bronze,2023-02-08
230,Melissa,Carson,amywilson@hotmail.com,Sheltonshire,Colorado,001-553-039-0410x570,Gold,2024-01-19
231,Richard,Johnson,camposmelanie@gonzales.net,West Veronica,South Dakota,(662)928-3812x46347,Bronze,2021-08-23
232,Jessica,Salinas,spenceramanda@carr-perkins.com,Port Jeremy,South Carolina,001-273-764-5822x1665,None,2021-10-06
233,Heather,Collins,tiffanyvargas@gmail.com,South Robert,Indiana,+1-603-513-6510x085,Bronze,2021-09-04
234,William,Kline,kathryn04@meyers.info,Blackville,Wisconsin,500.216.5768x28753,Gold,2021-07-25
235,Gregory,Orr,wendymelendez@hotmail.com,Nobleborough,Pennsylvania,+1-252-996-4836x840,Bronze,2021-07-30
236,Lisa,Powell,ebrady@hotmail.com,Birdfort,Texas,8442940398,Bronze,2020-02-14
237,Amy,Ross,martindonna@gardner.com,Aaronshire,Florida,+1-569-470-1290,Silver,2021-01-11
238,Stephen,Lambert,conwaypaul@yahoo.com,East Laura,Georgia,(907)956-3540,None,2023-07-23
239,Cindy,Phillips,zgonzalez@yahoo.com,Port Edward,Maryland,001-237-899-6009x4046,Bronze,2023-06-28
240,Crystal,Nolan,chadmacdonald@walker-cortez.com,Aprilhaven,Maine,+1-290-104-8952x63154,Silver,2023-02-21
241,Christopher,Arnold,mejiacheryl@hotmail.com,South Richardbury,Wisconsin,390-746-8686,None,2021-08-19
242,Paul,Bailey,douglasmurphy@gross.com,Bryantville,Vermont,722.329.7986x2953,Bronze,2022-07-24
243,Marie,Williams,achung@steele.com,Warrenfurt,Indiana,2006555590,None,2020-11-27
244,Lisa,Rose,hannaherickson@johnson-villa.com,Lake Rebecca,Mississippi,497-293-5816x5127,Gold,2024-02-28
245,George,Jones,lmartinez@yahoo.com,New Andreaton,California,400-773-2756x41159,Gold,2020-07-25
246,Monica,Hill,donna15@gmail.com,Woodsberg,Utah,(114)327-6527,Bronze,2021-12-25
247,Sharon,Decker,reedjoseph@gmail.com,Davisville,Missouri,(344)589-6757x480,None,2022-08-11
248,Cameron,Lopez,clucas@yahoo.com,Steventown,California,5200478712,Silver,2021-09-09
249,Melissa,Booker,theodorehopkins@mcneil-beltran.com,West Vanessaton,Missouri,7095742139,Bronze,2020-06-16
250,Brenda,Adams,jefferystewart@clayton.org,Keithville,Georgia,(963)049-7773,Bronze,2021-06-25
251,Russell,Cross,william34@hotmail.com,Port Paulside,Kentucky,(485)877-8852,Bronze,2023-03-24
252,Maria,James,jjohnston@benjamin-lewis.net,Patelbury,Illinois,405-368-3572x22485,Silver,2023-04-24
253,Mario,Pittman,parksjoshua@yahoo.com,New Melanie,West Virginia,653-635-5724x578,None,2024-04-27
254,Timothy,Martin,john24@hotmail.com,Krystalfurt,Wisconsin,026-593-0080x50673,Silver,2024-06-02
255,Kelly,Bauer,bankskaren@yahoo.com,Jamesshire,Texas,596.586.4368x735,Silver,2023-02-22
256,Jasmine,Smith,tracy37@hotmail.com,South Lindafurt,Vermont,(651)004-1954,Bronze,2020-03-28
257,Alexandria,Holland,jwells@sullivan-gibson.com,New Kevinstad,Alabama,079-747-8368x97673,Silver,2024-08-26
258,Jennifer,Nash,meltondaniel@hotmail.com,Atkinsshire,Illinois,(204)178-9174,Bronze,2024-01-29
259,Alexander,Carter,jenniferjones@hotmail.com,Catherineview,Oregon,+1-323-021-3628x39935,Bronze,2020-05-02
260,George,Johnson,thompsondouglas@moore.com,South Angela,Wyoming,001-087-109-1135x593,Bronze,2022-06-18
261,Michael,Thompson,hthomas@smith-watson.com,Hodgehaven,Georgia,001-710-693-7522,Gold,2021-08-29
262,Kimberly,Hammond,osbornchristine@hotmail.com,East Laurachester,South Carolina,231.434.6366,Bronze,2023-12-21
263,Michael,Wilson,kellifisher@garcia-davis.com,Port Marilynside,Colorado,+1-769-606-4133,None,2024-02-02
264,Ryan,Freeman,sharon98@joyce.com,Gregoryborough,West Virginia,0784455725,None,2022-06-03
265,Mary,White,loriwest@jackson-cochran.info,East Michael,Colorado,746.621.7305x515,None,2022-06-18
266,Alexis,Dickson,kimaaron@hotmail.com,Johnstonport,South Carolina,4116447817,None,2023-09-19
267,James,Jones,igoodman@castaneda.com,Whitechester,North Carolina,(474)293-0893x272,None,2020-07-16
268,Jason,Parsons,lharper@hotmail.com,Gonzaleshaven,Vermont,(282)072-9745,Gold,2024-02-19
269,Ashley,Arias,walterssierra@rowland.com,East Alex,Arizona,001-025-126-2893x401,Gold,2022-09-19
270,Seth,Alvarez,kristy34@miller-moore.com,North Sarahchester,California,+1-342-586-3823x4766,None,2023-06-18
271,Andre,Evans,anguyen@hotmail.com,South Alejandromouth,Nevada,001-105-158-0821x5274,Gold,2023-09-06
272,Lindsey,Mclean,mendozadonald@yahoo.com,East Jenniferton,New York,518-196-7650x5099,Bronze,2022-06-09
273,Pamela,Adams,yrodriguez@hotmail.com,Rebeccaberg,Maryland,223-610-4732,Gold,2022-04-14
274,Jessica,Haynes,brandon42@taylor.com,South Lisashire,Michigan,(970)827-8127x55435,Silver,2023-02-09
275,Christina,Barrera,pereznicholas@silva.com,Hicksmouth,Montana,+1-586-179-9678,None,2021-07-28
276,Robert,Briggs,lisa73@roberts-chang.com,Christinetown,Arkansas,+1-396-586-4802x5916,Silver,2022-07-12
277,Dawn,Smith,charles95@adams.info,Lake Robert,Rhode Island,431-746-7164,Gold,2023-09-10
278,Julia,Garcia,quinnheather@scott-miller.com,Sullivanville,Minnesota,(035)053-9180,Bronze,2020-02-25
279,Sarah,Smith,jesusmiller@park.com,Nicolefurt,Oklahoma,+1-261-986-3588x688,Silver,2022-07-31
280,Allison,Rivera,william96@cunningham-evans.biz,Whitakerland,Oregon,018.698.1539,None,2022-05-29
281,Pamela,Navarro,dthomas@yahoo.com,West Kathy,Rhode Island,5567749332,None,2023-11-10
282,Gabriel,Ibarra,terrymegan@gmail.com,Arnoldfurt,Oregon,950.126.5513x558,Bronze,2020-02-21
283,Joshua,Marsh,harrisonkristina@hammond-hodge.com,Davisstad,Utah,001-427-946-6595x0688,Bronze,2022-07-01
284,Jason,Johnson,cassandraflynn@kirby.net,Davidbury,New York,440-442-8035x1654,None,2024-07-07
285,Sonya,Briggs,matthew02@gmail.com,Port Troy,Massachusetts,900.427.3684,None,2022-12-09
286,Andrew,Lindsey,gjohnson@bennett.org,Josephfurt,Arkansas,342-069-7956x209,Gold,2021-04-20
287,Dean,Austin,kristen40@wood.info,Riverahaven,Delaware,6006786751,None,2022-06-16
288,Martin,Benjamin,maria78@martin-griffin.com,Wardstad,Washington,001-693-102-6339,Bronze,2020-11-02
289,Sandra,Craig,stuart95@gmail.com,Kristinview,New Jersey,(225)093-2751x3899,Silver,2020-08-17
290,Karen,Patton,brettcruz@hotmail.com,Jimenezmouth,New Mexico,+1-415-835-0769x562,None,2020-04-30
291,Joseph,Berg,andrewblack@coleman.com,New Ryan,Ohio,(781)099-9426,None,2023-03-29
292,Mary,Murphy,arthur86@patel.com,South Alexandria,Oklahoma,669.320.4377x34289,Silver,2023-08-02
293,Janet,Becker,marcusbutler@cline.info,Lake Cindyville,Montana,001-621-475-0097x142,Gold,2022-02-16
294,Angela,Lopez,kristimcdowell@chapman-foster.com,Loriville,Kansas,7794671900,Bronze,2022-06-12
295,Melissa,Woodard,anitaknox@yahoo.com,Sandersport,Delaware,001-440-209-6779x945,None,2023-05-21
296,Sandra,Tucker,hayesjudith@gmail.com,Angelafurt,Hawaii,194.924.1002,Silver,2020-07-27
297,Adam,Lee,umitchell@gmail.com,Lake Alexisberg,Minnesota,(463)738-7728x278,Gold,2020-02-29
298,Sandra,Castaneda,milleramanda@yahoo.com,New Benjaminview,Maryland,778-491-0717x3235,Bronze,2023-09-20
299,Vickie,Randolph,sbecker@hotmail.com,New Brittanyborough,Illinois,119.176.6583,None,2024-03-02
300,Kim,Williams,bcortez@hotmail.com,Brownberg,Hawaii,2882224605,Bronze,2024-09-06
301,Brian,Hernandez,jennifercannon@hotmail.com,West Vanessaburgh,Texas,001-892-467-0760,Silver,2022-04-13
302,Kevin,White,psullivan@davidson.com,East Davidside,Rhode Island,(410)519-1891,Gold,2021-11-08
303,Nicholas,Lawrence,sweaver@yahoo.com,South Sheri,Hawaii,001-661-941-3080,None,2023-06-30
304,William,Arellano,haydenmatthew@yahoo.com,East Danielle,Alabama,738.917.6665x6573,Gold,2023-07-24
305,Christine,Davis,monicamcclure@ward-taylor.com,Lake Brandonborough,Texas,+1-038-716-2133x113,None,2021-01-02
306,Kristine,Carter,pwoodard@jones-carter.com,Dicksonmouth,New Hampshire,(031)915-3130x319,Gold,2023-02-15
307,Michelle,Dillon,john48@yahoo.com,Port Vanessafurt,Mississippi,731-757-5891,Silver,2022-10-22
308,Kevin,Collins,rgregory@hotmail.com,Jasonstad,Minnesota,520.363.5547,Silver,2022-05-25
309,Sherry,Hoffman,kwade@white.com,New John,Arkansas,+1-790-000-9856,Silver,2024-01-25
310,Debra,King,martinangela@yahoo.com,Lake Derek,North Carolina,950.412.5288,None,2023-06-11
311,Robert,Schroeder,rachelmccoy@yahoo.com,Zacharyport,Rhode Island,+1-984-669-2197x656,Bronze,2020-03-20
312,Phillip,Gonzalez,harrisashley@gmail.com,Port Carol,Colorado,4804157522,None,2020-09-14
313,Katherine,Moore,melissa48@ramirez-robinson.info,South Mercedesview,New Hampshire,001-561-693-6233x226,Bronze,2024-08-07
314,Steven,Houston,coreycoleman@johns.biz,Richardtown,Vermont,(138)677-3551x98512,Silver,2021-09-14
315,Shawn,Walker,christophertucker@yahoo.com,Port Taylor,South Dakota,001-925-524-7525x231,Silver,2020-12-01
316,David,Simmons,hollynguyen@yahoo.com,New Karenberg,Rhode Island,186-554-9704x2868,None,2023-06-23
317,Dawn,Wallace,priceshannon@rios.com,Williammouth,Louisiana,001-918-157-5130x117,Silver,2020-02-14
318,Gabriel,Alvarado,davistiffany@hensley.net,Moorestad,Montana,001-170-147-4203x23789,Silver,2024-08-08
319,Chris,Brewer,caitlinbrown@jackson-duran.org,New Robert,Kansas,(060)034-7608x0423,Silver,2020-10-03
320,Amber,Montes,alejandro32@yahoo.com,Jasminestad,Illinois,(494)982-1387x1252,Gold,2020-12-01
321,Brian,Cole,cfrench@yahoo.com,West Wendyhaven,Ohio,+1-580-670-0522x77124,Silver,2024-02-04
322,Michael,Pierce,pking@wells-reed.net,Martinezland,Iowa,563.132.6197x71292,Silver,2020-02-28
323,Joyce,Moore,lharris@yahoo.com,Hannahtown,Arizona,556-189-2510,Bronze,2023-12-20
324,Matthew,Hess,vstone@lopez.info,Kendraborough,Virginia,862-126-4964x11549,Bronze,2022-11-13
325,Robert,Woods,lmartin@yahoo.com,Crystaltown,Michigan,8237498840,Bronze,2021-04-12
326,Jacob,Torres,brandon69@diaz.com,New Jessicaville,Georgia,526-173-8641x009,None,2021-04-14
327,Ronald,Carr,travis34@hernandez.info,Ramirezstad,Indiana,497-143-5260x19880,Gold,2021-09-17
328,Katherine,Padilla,kentgonzalez@gmail.com,North Jeffrey,Alabama,013-964-8287x0399,None,2023-10-29
329,Matthew,Smith,contrerascourtney@dunlap-williams.info,Lopezland,Utah,+1-904-815-8177x45780,Silver,2020-05-04
330,Rachael,Smith,christophercline@gmail.com,Travisburgh,Florida,8400670511,None,2023-01-30
331,Adam,Atkinson,aanderson@hall.org,Myersmouth,New Jersey,706-596-9460,None,2024-10-06
332,Ashley,Collins,pmoore@hotmail.com,Shannonport,Wisconsin,(926)526-9382x056,Silver,2023-05-26
333,Amber,Robinson,stonebrian@francis.com,South Johnton,Iowa,516-965-9895x8687,Bronze,2023-01-31
334,Robert,Cross,pacevedo@gmail.com,Ramirezberg,Maine,(021)390-6217x50549,Silver,2021-09-25
335,Steven,Hall,richsierra@yahoo.com,Ellisborough,New Jersey,+1-118-840-5273x935,Silver,2023-02-24
336,Eric,Burgess,april92@gmail.com,West Jon,Wyoming,+1-120-457-6808x9896,Bronze,2021-04-11
337,Stacey,Kelly,ashleymaldonado@yahoo.com,Pagefort,Alaska,+1-365-836-1028x71298,Bronze,2020-02-18
338,Kathleen,Lopez,thall@yahoo.com,North Kevinside,New Mexico,001-692-341-1106x0517,Silver,2023-05-26
339,Jesse,Blevins,bcunningham@gmail.com,Port Melissafurt,New Jersey,001-513-474-1609x76439,None,2024-05-11
340,Hannah,Sawyer,emily50@yahoo.com,East Kaylahaven,Montana,(234)291-0542,Silver,2023-04-26
341,Taylor,Hines,landrews@michael-rodriguez.org,North Emily,Delaware,+1-697-964-7711x52879,Bronze,2023-04-05
342,Jessica,Johnson,acline@marquez-miller.com,North Jeffreyland,Iowa,669-700-3428x41901,Silver,2021-04-25
343,Edwin,Parker,harold23@lyons-miller.com,West Christopherborough,Texas,+1-582-703-2797x12073,Bronze,2023-12-15
344,Daniel,Acevedo,michaelrodriguez@gmail.com,Hudsonhaven,Louisiana,(853)197-2599x9116,Silver,2023-08-27
345,Scott,Campbell,jturner@gmail.com,Hoffmanchester,Wisconsin,733-166-1769x340,Silver,2022-10-23
346,Jared,Villanueva,velezcindy@johnson.biz,East Joshuaberg,Rhode Island,(452)820-4750,Bronze,2020-05-04
347,James,Brady,ronaldbrown@bell-walton.org,Barrybury,Nebraska,253.874.7591x4407,Bronze,2021-11-09
348,Gerald,Fisher,kimberly53@gmail.com,North Christina,Washington,+1-646-037-3047x45115,Silver,2020-12-27
349,Amanda,Martinez,manuel02@evans.com,Joneston,Montana,(752)477-3267x295,Silver,2024-08-29
350,Jonathan,Le,toddrobin@hotmail.com,Raystad,Maine,910-555-8662,Silver,2022-07-04
351,Brian,Morris,isnyder@harvey-allen.net,South Leahbury,Mississippi,4380357877,None,2021-09-05
352,Angela,Watson,sarah90@simmons.com,North Allison,Minnesota,842-570-9339,Silver,2023-05-14
353,Noah,Keller,christopher50@yahoo.com,Nelsonside,Washington,1814801506,Silver,2022-05-05
354,David,Ferguson,andrew14@gmail.com,Lucashaven,Connecticut,250.187.2565x2776,Bronze,2020-05-08
355,Megan,Shaw,mchambers@gmail.com,Kevinburgh,Maine,558.188.7971x2271,Silver,2020-12-14
356,Wendy,Hamilton,garnerashley@gmail.com,Andrewbury,Nebraska,138-415-0149,None,2023-03-20
357,Rhonda,Stevenson,christine52@dominguez.com,South Justinshire,Michigan,001-205-310-5175,Gold,2023-12-02
358,Lucas,Adams,singletonkenneth@yahoo.com,Loweton,Delaware,429-103-4126x70870,Gold,2022-07-10
359,Julie,Hicks,james23@howell-elliott.com,Sharonton,Nebraska,+1-968-250-6905x565,Gold,2020-10-16
360,Ryan,Kennedy,kim02@sims.com,Port Connie,Arizona,(688)213-1316x15704,Silver,2024-08-16
361,John,James,nicholsonraymond@lewis.org,West Jason,Pennsylvania,(870)185-9405,Gold,2022-03-14
362,Russell,Ayala,smithdouglas@mcknight-rogers.info,North Jane,New York,533-216-1490x078,Gold,2021-03-24
363,Amy,Wilson,vhays@gmail.com,East Jeffrey,Rhode Island,583-971-7703x288,Silver,2020-07-30
364,Nicholas,Petersen,jay45@baker-mccall.com,Wendyland,Connecticut,7270294859,Bronze,2023-09-21
365,Tonya,Montgomery,santiagojessica@gmail.com,New Brittany,South Dakota,578.209.2454,Silver,2023-06-03
366,Dominique,Flynn,jonathan79@wilson.com,South Derekville,Washington,681.811.4865x56374,Bronze,2024-08-02
367,Jennifer,Ford,fblack@holmes-stewart.net,Christianfort,South Carolina,487.278.1020,Silver,2023-07-08
368,Howard,Estes,diane60@yahoo.com,Amymouth,Wyoming,750.028.5549x2289,Silver,2022-12-13
369,Jeffrey,Thomas,codymoore@tucker.com,East David,Mississippi,(400)022-6777,Silver,2021-11-03
370,Kristy,Hickman,tcox@melendez.com,Tammyfort,Delaware,(779)393-8885,Gold,2023-09-17
371,Gregory,Pena,kathleen33@rowland.com,Georgeside,South Dakota,001-158-816-0329x694,Bronze,2020-10-19
372,Terri,Cole,barbara63@gmail.com,South Leroy,South Carolina,+1-259-818-4474x2398,Gold,2024-02-14
373,Antonio,Miller,grantstephen@herrera.com,Katherinetown,Vermont,001-654-042-0304,Gold,2024-09-12
374,Shane,King,xsteele@yahoo.com,Garciaberg,Virginia,318-847-6445,Silver,2023-06-08
375,Pamela,Bell,bkrueger@johnson.org,Cherylmouth,Oregon,3933682746,Silver,2024-08-10
376,Christopher,Werner,ywillis@walters.biz,Stevenmouth,Delaware,(915)676-0822,Bronze,2022-04-12
377,Ryan,Hernandez,gregorycole@hotmail.com,New Joe,Florida,001-730-227-3889x3060,None,2020-01-12
378,Ryan,Pineda,mreed@parks-velez.com,Port Jane,South Carolina,001-107-153-2809,Silver,2023-08-03
379,Samantha,Robinson,karennelson@yahoo.com,Lake Tony,Indiana,660-712-0853x90662,None,2023-07-18
380,Jaime,Smith,hlawson@zhang.biz,North Benjamin,North Carolina,088-467-4911x930,Bronze,2024-03-26
381,Nancy,White,chambersbryan@sullivan-mcintosh.info,Port Jose,New Jersey,+1-919-301-7587x7490,Silver,2020-10-28
382,Melissa,Roth,timothynguyen@gmail.com,North Karenbury,Maine,4603730934,Silver,2021-04-01
383,Mackenzie,Martinez,qleonard@barker-white.info,Lake Eric,Indiana,466-269-1906x53200,Silver,2020-09-14
384,Ashley,Armstrong,wisejimmy@cohen-rodriguez.com,Johnberg,Massachusetts,364.807.2604,None,2024-02-15
385,Roger,Hall,laurenjackson@woods.com,New Sophia,Georgia,001-250-020-2246x4163,Gold,2020-08-30
386,Edward,Wells,marie57@ramsey-torres.com,New Tiffany,North Carolina,+1-691-007-1822x36925,None,2021-01-07
387,Kathy,Owens,brownmark@thomas.com,North Maryland,Wisconsin,+1-021-796-6300x694,Bronze,2021-03-07
388,Christopher,Rios,kingcrystal@garrett.org,Jacksonhaven,Nebraska,(196)210-8468x2504,Bronze,2024-01-31
389,Hannah,Morse,collinsstacy@hotmail.com,Jennabury,Hawaii,(590)603-4789x2528,Gold,2022-08-23
390,Rebecca,White,yolanda35@dickson-hamilton.com,East Joshua,Hawaii,(503)862-0922x94966,Bronze,2022-02-12
391,Danielle,Daugherty,xspencer@hotmail.com,West Sarahside,New Hampshire,+1-442-921-8373x954,Silver,2021-02-24
392,Steven,Nguyen,stevenshields@hotmail.com,Murphyland,Montana,001-455-813-8173,Bronze,2022-05-04
393,Ashley,Anderson,jonathan05@paul.com,North Patriciaburgh,Washington,795.355.7826x776,None,2024-10-11
394,William,Anderson,robertmaynard@sanchez.info,Susanfort,Minnesota,(315)013-8950,Bronze,2024-03-16
395,Brian,Ingram,fyoung@hill.net,Port Stephanie,Maryland,382.561.5704x8022,None,2022-05-23
396,John,Buck,justin25@gmail.com,Coxburgh,Alabama,(533)234-0921x10833,Gold,2021-12-18
397,Ronald,Turner,juliachapman@hotmail.com,West Evanville,Montana,001-080-564-2087x780,None,2020-05-27
398,Cynthia,Estrada,smithcharles@cook.com,North Heatherbury,South Carolina,836.172.1426x381,None,2022-06-15
399,Nicholas,Gaines,connerchristine@gmail.com,Scottmouth,Vermont,521-322-5384,Bronze,2023-08-25
400,Brandon,Rojas,aprilsullivan@tyler-bird.com,Martinmouth,Massachusetts,(683)630-9917x671,Silver,2024-06-26
401,Ethan,Gonzales,james07@parks-fisher.info,Riggstown,Tennessee,725-388-2408,None,2020-03-09
402,Keith,Tucker,adam13@price.biz,Riveraburgh,Wyoming,337-361-5783x92196,Bronze,2023-07-02
403,Carlos,Rodriguez,sadams@mccoy.com,New Steve,South Dakota,(944)660-0120x98092,Silver,2023-03-25
404,Dwayne,Anderson,jim32@thomas.net,West Karenshire,Ohio,+1-356-049-8738x562,Gold,2022-03-20
405,Elizabeth,Small,belljoseph@clark-garcia.net,Bellville,Louisiana,001-321-040-2950x46864,Silver,2021-04-16
406,Mary,Bennett,kimberlymcdaniel@bell.com,South Loribury,Missouri,001-913-409-8602x10730,None,2024-09-07
407,Wanda,Hardy,melissapowers@yahoo.com,South Thomas,Idaho,165.770.8000,Gold,2021-03-15
408,Daniel,Williams,glennaudrey@lamb.com,New Denisemouth,Nebraska,840-711-1069x3878,Gold,2021-04-17
409,Sierra,Hernandez,njackson@diaz-sawyer.org,Frederickville,Wisconsin,001-910-137-7926,None,2022-12-02
410,Aaron,Hooper,terryjessica@gmail.com,New Chelseaburgh,Kentucky,001-693-695-2220,Silver,2024-04-12
411,Paul,Arnold,samanthaherrera@martinez.com,New Douglaschester,Georgia,+1-788-162-0462,Bronze,2022-03-22
412,Donald,Webster,colton88@stevens-abbott.org,Deckerton,Florida,+1-562-284-4353,Silver,2021-11-11
413,Mandy,Ward,marshallrichard@gmail.com,Russellfurt,South Dakota,400-391-0742,None,2021-11-11
414,Albert,Salas,alan83@gmail.com,Port Reginaville,Mississippi,572.073.8886x9103,Bronze,2022-08-17
415,Jason,Powell,grahamwayne@yahoo.com,Derekchester,Arkansas,774.065.0215x57130,None,2022-06-02
416,Terri,Rodriguez,jose46@gmail.com,Kathleenberg,Arkansas,5817570510,Gold,2020-08-20
417,Daniel,Warren,smithjeffery@hotmail.com,Jamesside,Pennsylvania,(624)707-5169,Bronze,2020-12-13
418,Nicole,Watson,marissacombs@hotmail.com,Joshuaview,Illinois,(688)495-2982x579,Gold,2022-05-27
419,Mark,Perez,jason75@anderson.info,Perkinshaven,Texas,(451)512-1545x25054,Gold,2024-03-12
420,Alexis,Yoder,leah80@bell.com,Lake Angela,Hawaii,416.958.0946,None,2020-12-23
421,Anna,Wright,evansandrew@williams.com,South Molly,New York,+1-529-323-1076x354,Silver,2021-10-09
422,Dillon,Martin,ehill@garner.com,Juanmouth,Georgia,165-237-0302x2500,Bronze,2021-01-25
423,Charles,Berg,vmiller@pratt-winters.com,Mccannbury,Oklahoma,3794587113,None,2023-10-26
424,Peter,Cook,ytrujillo@yahoo.com,Adamsview,Georgia,001-941-717-5684x730,Silver,2021-02-26
425,Jennifer,Ware,ifletcher@hotmail.com,West Pamelamouth,Montana,001-004-045-3926,Gold,2023-10-30
426,Richard,Carr,jordanstephanie@williams.biz,West Brenda,Montana,9062980360,Bronze,2021-10-23
427,Michelle,Powell,danielle51@rodriguez.com,North Walter,New Hampshire,(618)002-2186x4988,Silver,2022-07-17
428,Margaret,Foster,victoria63@allen.info,Contrerasburgh,Georgia,001-066-455-0427,Bronze,2021-03-23
429,Eric,Thornton,christianlisa@yahoo.com,Brownborough,Louisiana,760-670-7555x78380,None,2020-04-16
430,Anthony,Thompson,udavila@gmail.com,Brendahaven,Maine,(817)160-8738,None,2020-01-20
431,Laura,Daniels,duncankyle@hotmail.com,East Michaelside,Nevada,001-641-943-0705x7902,None,2020-04-14
432,Juan,Blankenship,steven12@hotmail.com,East Angela,Georgia,+1-979-813-5594x980,Bronze,2024-06-17
433,Steven,Collins,duranapril@serrano.com,South William,West Virginia,+1-866-950-0403x30761,Gold,2023-06-09
434,Sean,Green,stephaniepearson@martinez.org,East Crystalchester,Delaware,001-393-851-2542x40094,Silver,2021-01-26
435,Nicole,Gonzales,williamsnathan@gmail.com,New Isaacport,Ohio,769-635-4955x3142,Silver,2023-04-24
436,Richard,James,ugarcia@hotmail.com,Aguirreside,Vermont,098-461-6975,Gold,2022-09-09
437,Kenneth,Hurley,taylordouglas@gmail.com,South Peterview,California,+1-147-809-7935x842,Gold,2024-07-11
438,Krystal,Reyes,emilyflynn@page-bird.com,Lake Davidhaven,South Dakota,(810)843-1505x715,Silver,2023-12-20
439,Bradley,Vasquez,alexandergarrett@fuentes.com,Florestown,California,+1-805-344-4285,None,2024-01-26
440,David,Gordon,larrykelly@ferguson.com,Lake William,Louisiana,105.910.8671x195,Bronze,2021-07-16
441,Ryan,King,qblackburn@gmail.com,Tuckershire,Delaware,(113)936-8748x911,Silver,2021-06-17
442,Anthony,Smith,ashleysmith@yahoo.com,North Carl,West Virginia,124.616.7456x850,None,2023-03-28
443,Nicholas,Rivera,uwilson@gonzalez.net,Austintown,Indiana,3851968143,Gold,2021-06-27
444,Isaac,Higgins,susanharrison@torres.org,Barbaraside,Illinois,001-170-490-1880x699,Gold,2021-08-10
445,Diane,Osborn,kharmon@gmail.com,Port Kennethport,Tennessee,+1-273-232-2902x7106,Bronze,2020-02-04
446,Jennifer,Smith,noah04@simpson-walker.com,Port Mary,Nebraska,7486877100,Bronze,2020-02-05
447,Kathleen,Powers,melinda26@brown.com,South Katrina,Virginia,252-027-1877,Bronze,2024-06-21
448,Matthew,Turner,paulaspears@green.com,Loveshire,Louisiana,001-734-828-9275x90433,Bronze,2021-10-26
449,Craig,Middleton,andrewdiaz@hotmail.com,West Nicholeberg,Oklahoma,(383)843-9347,None,2023-09-08
450,Amanda,Simmons,bradybrenda@chapman-douglas.com,Jamestown,Wyoming,001-422-132-4825x337,Silver,2024-09-13
451,David,Murray,hernandezalexis@burke-hill.com,North Alexachester,Texas,(989)598-0421,Bronze,2024-08-04
452,Gerald,Rangel,jordanjeffrey@allen.com,Lake Neilberg,New Jersey,996-170-5022,Gold,2023-04-19
453,Brian,Garcia,wagnerashley@rodriguez.com,Tracyfort,Washington,059.553.0369x00827,Silver,2020-03-18
454,Amanda,Moore,wilsoncindy@gmail.com,Port Elizabethland,Virginia,765-885-4607x37025,Silver,2022-08-13
455,Brittany,Hardy,amygonzalez@huang-grimes.net,Tiffanyberg,Illinois,(949)548-8481x630,Silver,2020-06-20
456,Brian,Henderson,coleemma@yahoo.com,North Nicholas,Georgia,(743)218-7638,None,2023-11-21
457,Shannon,Smith,burgesstanya@hotmail.com,Westmouth,Ohio,739.505.8002,Silver,2023-05-09
458,Mariah,Campbell,lauriesullivan@hernandez.com,Port Cindy,Mississippi,001-603-806-2130x8173,Silver,2024-05-25
459,Kenneth,Butler,dannyyoung@moore.com,Hunterburgh,Hawaii,+1-615-339-0048x00297,None,2020-07-16
460,Howard,Zimmerman,vturner@butler-garner.com,New Kathy,Nebraska,610.046.3829,Gold,2023-05-12
461,Kristy,Byrd,lisa76@stephens.net,Lake Yvonneborough,Maryland,+1-457-136-6150,Gold,2022-04-13
462,Gary,King,johnbarnett@hotmail.com,Martinezside,Missouri,+1-613-916-3778x97433,Silver,2023-04-11
463,Laurie,Saunders,brianna41@gmail.com,Juliahaven,Idaho,687-232-0228,Bronze,2024-01-09
464,Deborah,Webster,theodorehansen@yahoo.com,West Lee,Oregon,6963763057,None,2020-07-01
465,Christopher,Wilson,oscar66@aguilar.com,Kellyfort,Kansas,001-478-523-0238,Bronze,2021-09-09
466,Sandra,Gay,nicholas14@gmail.com,New Triciaside,Minnesota,378.994.0117,Bronze,2020-08-13
467,Nicholas,Flowers,james71@yahoo.com,Hodgesbury,Kentucky,309-819-3993x1949,Gold,2021-03-18
468,John,Long,amy57@moore.com,Leemouth,Idaho,+1-399-383-3312,Bronze,2023-11-20
469,Joe,Hanson,daniel16@guerrero.com,Port Christopherville,Maryland,001-303-304-7818x128,Bronze,2023-09-05
470,Jonathon,Cooper,oconnelllisa@hotmail.com,Leblancville,Arizona,(045)812-6827x25411,Gold,2021-02-01
471,Cheryl,Mcdonald,mcclurejulie@gmail.com,Port Adam,Iowa,+1-327-755-0280,None,2023-07-09
472,Robert,Wright,kelly97@hotmail.com,South Anthonyview,Missouri,(488)016-7956,Silver,2023-09-12
473,Jose,Lopez,dylanbarajas@hotmail.com,North Valerie,Massachusetts,368.068.3788,Silver,2021-11-16
474,Larry,Weeks,thomas54@jones.org,Robinsontown,Delaware,001-324-418-5854,None,2024-06-10
475,Diane,Payne,paige46@hotmail.com,Port Elizabethview,Iowa,113.060.6666x0754,Silver,2023-04-03
476,Jessica,Friedman,hannah21@williams-hardin.com,Watsonland,Georgia,(977)165-8906x275,Bronze,2023-01-05
477,Teresa,Cortez,christopherwolf@haynes-chambers.com,Andrewmouth,Vermont,+1-311-469-0145,None,2023-11-10
478,Douglas,Nguyen,conniecardenas@gmail.com,Davidchester,Nevada,6092014147,Silver,2024-05-23
479,Sharon,Shepard,gabriel20@yahoo.com,West Danielport,Idaho,082-968-0726,Silver,2024-03-14
480,Pamela,Krueger,hicksmelinda@goodwin-long.com,Melvintown,Washington,487.069.3616x22178,Gold,2023-07-03
481,Stephen,Olson,myerskimberly@yahoo.com,South Barbaraport,Colorado,(522)272-8783,Bronze,2024-05-30
482,Rebecca,Lopez,omullins@hotmail.com,Robertsonhaven,Utah,183.706.6711,None,2023-10-21
483,Brian,Lee,paulmorgan@gmail.com,Griffinbury,Ohio,210-126-2303,Gold,2021-09-28
484,Allison,Gutierrez,jordanjared@ferguson-tyler.com,Port Zacharyborough,Arkansas,792.560.8235x1940,Bronze,2022-12-25
485,Amber,Smith,mooregary@perez.org,Donaldberg,North Carolina,001-695-569-4050x859,Gold,2023-10-02
486,James,Smith,bbennett@yahoo.com,South Luiston,Washington,(706)799-9810,Silver,2020-06-22
487,Mary,Ramirez,whitejeremy@hotmail.com,Charlottemouth,South Dakota,847-285-1037x8147,None,2022-07-21
488,Nicole,Wilson,rebeccarogers@castillo-goodwin.info,Alexamouth,Oregon,001-005-782-8323,None,2024-03-26
489,Sarah,Hicks,estone@lawrence-simmons.com,North Michelleview,Nevada,341-041-7686x5383,Bronze,2021-05-15
490,Christopher,Yates,reginald96@yahoo.com,West Charlesland,New Hampshire,783.711.7382x557,None,2021-02-09
491,Alex,Rose,ydelacruz@perez.net,Port Marieburgh,Wisconsin,(641)285-6941x5250,None,2020-08-11
492,Melissa,Gomez,ghuff@gmail.com,Port Don,West Virginia,804.564.5079,Bronze,2020-02-03
493,David,Allen,vdavidson@allen-gutierrez.com,Stantonborough,Michigan,541.280.4541,None,2023-10-08
494,Zachary,Santiago,christinacruz@allison.com,Ashleyfurt,Delaware,050-825-6735x10554,Silver,2024-04-17
495,Debbie,Murphy,cscott@hotmail.com,Jonesfurt,Alaska,+1-193-122-6249x7947,None,2020-11-30
496,Christopher,Mitchell,oscaryang@willis-page.com,South Steveside,Kentucky,029.481.0545,Silver,2024-10-13
497,Christopher,Henderson,whouse@nelson-perez.com,Lake Lindsayton,Oregon,757-401-3834x75637,None,2020-08-24
498,Willie,Davis,ewilliams@mitchell.com,Oliviaton,Pennsylvania,700.688.4569x9945,None,2020-02-24
499,Ashley,Powers,leonstephanie@gmail.com,Mcdanielberg,Oklahoma,513-597-6679x2456,Bronze,2021-02-22
500,Derek,Williams,gbrown@swanson.com,Villegaston,Georgia,(977)804-1288x285,Silver,2022-08-04
501,Ashley,Lewis,lewiscrystal@gmail.com,Nathanport,Maryland,+1-419-221-4462x53092,Gold,2024-07-19
502,Jason,Ortega,rcrane@gmail.com,Wilkinsonmouth,Idaho,001-554-560-0536x7496,None,2022-12-19
503,Gregory,Keith,bryantjonathan@gmail.com,Walshborough,Alabama,+1-925-035-7246,Bronze,2024-09-09
504,Joshua,Gould,christina16@yahoo.com,South Christopherland,Indiana,383.335.4987x1555,None,2022-09-04
505,Robert,Adams,dvasquez@mclaughlin-bryant.biz,Port Charles,Alabama,5087018606,Gold,2020-02-26
506,Richard,Anderson,josehuffman@barnett-campbell.com,Ginaberg,North Carolina,+1-694-995-7953x61899,Bronze,2021-02-02
507,David,Lane,evanhernandez@gmail.com,Mcculloughtown,New York,7126932490,Bronze,2021-09-27
508,Christopher,Williams,bestjeffery@hotmail.com,East Adamshire,Nebraska,001-572-006-0325x8408,Gold,2023-10-03
509,Stephanie,Foster,juliesandoval@gmail.com,Carlostown,Alaska,8946384085,None,2021-05-22
510,Rita,Miles,bautistamarcus@cantrell.net,North Moniqueton,New Jersey,(049)877-3693x898,None,2023-06-13
511,Bradley,Jones,karnold@adkins.com,East Tammybury,Rhode Island,(956)232-2878x5576,Gold,2020-04-01
512,Janice,Harris,jason69@parks-carson.org,West Dominique,Indiana,(832)800-1034x71085,Silver,2021-12-01
513,Bryan,Ramirez,pgomez@hotmail.com,East Sharonbury,Louisiana,825.114.0779x2757,Silver,2020-03-31
514,Gail,Lopez,amitchell@gmail.com,South Michelle,Mississippi,001-531-937-7694x5030,Gold,2021-12-01
515,Emily,Reyes,brandtkelly@yahoo.com,Josephview,Alaska,2971937399,Silver,2022-03-30
516,Cameron,Reyes,xbenson@gonzalez-king.info,New Jonathanland,Louisiana,+1-432-167-8264x13237,Bronze,2022-09-12
517,Angela,Gomez,mrodriguez@hotmail.com,Chanburgh,Massachusetts,3868143622,Silver,2023-09-13
518,Brandi,Young,mcmahonamy@hotmail.com,East Thomas,Montana,912-293-5136x6341,Bronze,2024-02-15
519,Kelly,Martin,fstanley@hotmail.com,Lake Davidmouth,Oregon,419-371-6169x55794,None,2021-07-02
520,Lisa,Gross,evelyn39@mcclain.biz,Charlesport,Nevada,963.609.1857,Bronze,2020-09-16
521,Brian,Buck,jonesjoan@yahoo.com,Thomastown,Vermont,(266)199-8352,Bronze,2020-01-10
522,Nicholas,Jones,morrisdavid@yahoo.com,Robbinsburgh,Illinois,2044415450,None,2023-10-23
523,Lauren,Moreno,hwatson@serrano-hill.net,South Jasonmouth,Texas,645-718-1722x6954,Gold,2024-05-24
524,Raymond,Craig,simsscott@yahoo.com,Lake Micheleton,Georgia,+1-315-031-7172x5375,Silver,2022-11-18
525,Nicole,Lawson,fglover@day.com,Melissamouth,New York,+1-182-371-9112x7625,None,2022-02-17
526,Michael,Graham,nperkins@reid.com,East Barbara,Louisiana,(579)938-5526x3065,Silver,2021-07-20
527,James,Olson,xtapia@stevenson-pace.com,Patrickstad,Alaska,001-053-047-2870x756,None,2021-02-12
528,Lindsay,Mcintyre,xwoods@reid.com,West Adrianchester,New Jersey,001-242-805-8563x83870,None,2022-09-18
529,Kenneth,Stout,estestheresa@yahoo.com,East Ernestville,Pennsylvania,277.225.6204x237,Bronze,2024-01-06
530,Christine,Johnson,qmoore@morgan.com,Lake Aaron,New Jersey,715.571.5972x22768,Silver,2020-05-17
531,Cynthia,Kennedy,angelalambert@yahoo.com,Martinezstad,Rhode Island,949.125.2912x2964,Bronze,2024-06-18
532,Samantha,Wagner,robertsonbrian@yahoo.com,East Kimberlyborough,Utah,+1-686-613-2625x66509,None,2023-11-14
533,John,Roberts,ellisjennifer@mcknight.com,Saundersview,Kansas,210-109-1000x4801,None,2024-01-18
534,Christopher,Ortega,amyhoward@barnes.info,Lake Stephaniestad,New York,3312603138,None,2021-04-18
535,Kenneth,Morris,eyoung@alvarado.com,Dayhaven,Iowa,071-636-8857x362,Bronze,2024-06-09
536,Laura,Bass,leahray@taylor.net,North Travis,Kansas,001-458-085-6012x4779,Gold,2020-10-08
537,Michael,Rhodes,catherinesimmons@black-gordon.biz,Bryanmouth,Colorado,(628)363-7728,Gold,2023-10-27
538,Nathan,Jackson,flopez@whitehead.com,Josestad,New York,+1-097-404-3512x321,Gold,2021-05-29
539,Ashley,Gonzales,taylorholly@baker-payne.com,Lake Kaitlynmouth,Oregon,001-366-661-7474x48770,Silver,2022-09-13
540,Stephanie,Powell,vmoore@yahoo.com,East Brianshire,Idaho,507-872-8655,Gold,2021-08-19
541,Jeff,Beck,henryjenkins@smith-lopez.biz,Ninaberg,Kansas,651-164-5410,Silver,2020-05-01
542,Philip,King,ricardobrown@jones.biz,New Stephanie,Georgia,001-821-884-5896x49458,None,2022-10-28
543,James,Flynn,ltran@poole.com,West Lindaport,Hawaii,001-766-916-4088x86997,Silver,2022-06-28
544,Mary,Mullins,angelabass@boyer-hoffman.com,Whiteberg,New York,+1-993-141-8085x2805,None,2021-11-05
545,Deanna,Mays,kevin81@hancock.net,South Kristine,Florida,033-797-6674x58885,Bronze,2020-03-29
546,Nathaniel,Ray,austinjamie@jefferson-andrade.biz,South Angelaburgh,New Mexico,001-670-549-0762x114,Gold,2023-04-21
547,Donald,Duncan,paulhuerta@gillespie-wilson.com,New Craigshire,Illinois,001-500-266-2843x7659,None,2021-04-25
548,Steven,Johnson,alice84@sanchez-jones.org,Brownport,Florida,5171355845,Gold,2020-10-25
549,Brianna,Hernandez,jonesjames@shaffer.com,Paulview,Hawaii,1858916394,Silver,2022-12-13
550,William,Davis,alexander10@hotmail.com,Michelletown,Pennsylvania,+1-569-966-2022x350,None,2020-05-30
551,Monica,Colon,martinlewis@kirk.com,Kaylabury,Utah,640.379.2088x65135,Silver,2024-05-09
552,Jean,Lopez,allenamanda@crawford.net,Coltonstad,Alaska,(247)756-1170,Bronze,2023-07-27
553,Jeffery,Long,elizabeth12@morris-bolton.com,Port Amandaton,Hawaii,894.859.4955,Bronze,2023-06-03
554,Juan,Delgado,scottjustin@gmail.com,Port Aaronfort,South Carolina,621.906.1571,Bronze,2021-07-24
555,Christine,Sanchez,johnbaker@yahoo.com,West Johnhaven,Massachusetts,602-300-7896x78699,Gold,2021-08-08
556,George,Morgan,vasquezmonique@hotmail.com,Alexastad,Arkansas,349-267-3879x32797,Silver,2023-01-28
557,Lisa,Davis,janetmartinez@yahoo.com,Krystalville,Nebraska,643-839-3627x37187,Silver,2024-06-18
558,Nicholas,Bruce,bfisher@erickson.net,South Erin,Missouri,001-570-458-7776x38665,Gold,2023-01-15
559,Troy,Ross,velezbrian@gillespie.net,Johnland,Ohio,628.848.1482x6967,Bronze,2021-03-22
560,Heidi,Baker,redwards@gmail.com,Hicksville,Hawaii,615.344.1541,Silver,2021-03-18
561,Meagan,Perez,brucejeremy@hotmail.com,New Lindachester,New Mexico,001-853-264-0527x14687,Silver,2024-05-23
562,Garrett,Lopez,nicolereyes@reed.com,South Adamville,Iowa,+1-779-820-4042x538,Silver,2024-03-23
563,David,Jenkins,shannonpruitt@yahoo.com,Jamesfort,Virginia,001-393-336-3929x18867,Bronze,2023-08-25
564,Susan,Rodriguez,lyncherika@hotmail.com,Robertburgh,Pennsylvania,003.943.9348x28058,None,2022-12-06
565,Donald,Thomas,wilsonapril@gmail.com,Reyesborough,New Hampshire,194.319.5173x17706,Gold,2020-03-25
566,Elizabeth,George,craig33@hotmail.com,Carlchester,Arkansas,795.992.2943x4467,Gold,2020-03-12
567,Maria,Miller,lisahamilton@perez.com,Harrisside,Maryland,695.917.2563x1083,None,2020-08-25
568,Kathleen,Parker,francisco21@jones.com,Joehaven,Oklahoma,520.442.3312x115,Silver,2020-04-17
569,Luis,Rodriguez,davidwashington@gmail.com,Tiffanyview,Florida,001-390-445-6373x863,Bronze,2024-01-04
570,Cole,Coffey,mary91@yahoo.com,Roberthaven,South Dakota,248-861-4513x32016,Gold,2021-05-28
571,Lori,Roberts,zfernandez@espinoza.com,Wardview,Louisiana,600.002.8003x75356,None,2020-12-01
572,Billy,Pittman,whall@gmail.com,West John,Nevada,(781)674-8720,None,2024-01-23
573,Terry,Parks,goodmanjason@stark.net,North Tina,Florida,5343935861,Gold,2021-09-01
574,Connie,Conner,christensenkristen@owen.org,Port Michelle,Kansas,+1-538-912-6124,Gold,2023-08-11
575,Jacob,Myers,kristy70@hotmail.com,Suttonport,South Dakota,885.225.8605x7416,Silver,2020-12-10
576,Alicia,Carpenter,christopher99@yahoo.com,Port Jaredmouth,Colorado,747-389-1458,Gold,2021-08-13
577,Lindsey,Small,jennifer86@miller.info,New Paula,North Carolina,023.851.3078x376,None,2022-12-18
578,Pamela,Harrington,brentwiley@powell.biz,South Patriciaport,West Virginia,9283425424,Gold,2023-04-03
579,Vanessa,Smith,hesscaitlin@gmail.com,North Deborah,Connecticut,047.763.2810x96999,Bronze,2024-05-01
580,Vincent,Conner,cathy63@yahoo.com,Melindaville,Maine,+1-787-362-8337,Silver,2020-12-29
581,Daniel,Clayton,romerobarry@proctor.com,Coleport,Alabama,755.039.4031,None,2022-03-07
582,Alfred,Burns,biancaallen@randall.com,North April,Arizona,(684)115-1601,Gold,2022-03-29
583,Jacqueline,Lewis,lynchsandra@oconnor.com,Kramerburgh,Indiana,+1-898-292-2227x246,Bronze,2024-05-25
584,Cory,Norman,qmaldonado@hotmail.com,West Heidimouth,South Dakota,341.809.2031,Bronze,2022-05-15
585,Angela,Gallegos,msosa@flores.org,New Karenbury,Virginia,001-798-580-0174x27698,Gold,2021-11-14
586,Alexandra,Clark,dford@gmail.com,West Maryton,South Dakota,063.001.0526x5583,Gold,2021-07-01
587,Alan,White,simpsonrobert@benson-johnson.info,West Alicia,South Carolina,385-641-5942x08419,Silver,2022-03-19
588,Valerie,Campbell,jacobchavez@hotmail.com,West Gabriela,Pennsylvania,+1-000-896-8728x4594,None,2022-07-24
589,Catherine,Liu,xbartlett@miller.com,Watsonfurt,Texas,780.842.4665x0254,Gold,2020-02-09
590,Adam,Medina,lbishop@long.com,Lake Crystalside,Wisconsin,810-665-4357x82869,Bronze,2021-08-06
591,Russell,Duke,jreilly@hotmail.com,Kimberlyshire,New Jersey,119.959.8706,Gold,2020-03-12
592,Christopher,White,lisa01@middleton-jones.info,Adamfurt,South Dakota,749-199-1475,Gold,2020-05-20
593,David,Reyes,daryl71@mcintosh.org,New Laurenfort,Ohio,368-658-2180,None,2023-01-06
594,Blake,Reynolds,jonesangel@yahoo.com,Lake Dennis,Delaware,001-127-869-9957,Silver,2024-09-15
595,Kathryn,Williamson,daniel53@gmail.com,West Kariborough,Florida,267-838-1011x49790,None,2021-09-06
596,Jason,Hall,josephperkins@hotmail.com,North Marymouth,Arkansas,3697776977,Gold,2022-07-09
597,Meghan,Garcia,bburke@nichols.net,Jeffreyberg,Indiana,+1-987-195-6285x30963,None,2022-10-09
598,Dawn,Swanson,jbrown@hill-sharp.info,West Erica,South Carolina,+1-147-271-3396x79480,Silver,2022-05-10
599,Christine,Sandoval,johnsonryan@nelson.net,East Vanessaland,West Virginia,(169)269-0804,Silver,2023-10-06
600,Jane,Thomas,arthurcastro@johnson.biz,East Jacob,Wyoming,3309863873,Gold,2021-08-22
601,Ian,Velez,eroberts@yahoo.com,New Lorrainefort,Missouri,497-639-8993x81727,Bronze,2020-03-05
602,Walter,Morrison,hernandezrandy@miller-pierce.com,Kennethchester,Georgia,430-227-1889x2253,Silver,2021-06-06
603,Leslie,Espinoza,nunezmichael@gmail.com,South Rebecca,Arkansas,+1-677-599-6658,Silver,2022-12-30
604,Maria,Beltran,lmacdonald@johnson.net,West Rachel,Kansas,004.277.9802x35122,Silver,2023-02-24
605,Arthur,Adams,daniel29@yahoo.com,South Joshuamouth,Louisiana,876.532.4664x096,Bronze,2022-01-29
606,Regina,Garcia,heatherevans@foley.com,Port Ryan,West Virginia,0110039190,Gold,2023-09-24
607,Gary,Scott,jbrown@drake.biz,North Larryburgh,South Carolina,932-798-2641,None,2022-08-13
608,Andrew,Davis,adam52@gmail.com,South Tracyhaven,Rhode Island,205.946.5856x8665,Silver,2022-02-03
609,Jason,Lee,georgekimberly@gmail.com,Mikaylaside,Massachusetts,001-540-289-3365x67418,Silver,2020-05-29
610,Ashley,Becker,hansonjasmine@gmail.com,Madelineview,Washington,+1-829-327-1746x76470,Silver,2023-09-30
611,Christina,Ross,gordon92@marsh.com,Donnashire,Pennsylvania,622.586.3458,None,2022-01-09
612,Mark,Brown,robinsonlisa@brown.com,South Johnland,New Mexico,489.081.1012,None,2022-05-28
613,Jacob,Gallegos,jimmy65@yahoo.com,Hendrixport,South Dakota,567-202-9841,Gold,2020-03-07
614,Jesse,Webster,nbowman@henderson-flowers.com,Port Michelle,Indiana,324-831-3303,Silver,2020-06-30
615,Vincent,Shaw,dianafox@hart.com,New Markstad,Oklahoma,555-949-5052,Gold,2020-12-10
616,Gloria,Jackson,carl60@yahoo.com,Camachoburgh,Massachusetts,327.213.3989x6788,Silver,2024-04-30
617,Russell,Bird,nparker@yahoo.com,Donaldmouth,Pennsylvania,001-997-671-0714x780,Gold,2023-06-11
618,Lauren,Jones,lisaperez@harris.com,West Jorge,Ohio,0819497615,None,2021-10-10
619,Craig,Woods,danielpowers@snyder-stark.net,Harperborough,Alaska,+1-938-849-3224,Silver,2020-04-03
620,Michael,Scott,robertortiz@hotmail.com,East Matthewland,Washington,165.553.9494x5720,Bronze,2023-02-20
621,Ariana,Lindsey,danielellis@yahoo.com,North Wendy,Idaho,+1-139-373-9417,Gold,2020-06-22
622,Cameron,Vazquez,melissahorton@gibson.com,West Davidland,Wyoming,911-452-9286,Gold,2021-05-09
623,Robin,Ward,robertmeyer@yahoo.com,Crossland,New York,001-732-372-4989x369,Bronze,2022-02-20
624,Isaiah,Gill,michaelfields@mcbride.com,Lowefurt,New Hampshire,001-484-393-4897,Silver,2021-11-07
625,Kristin,Durham,chrishumphrey@yahoo.com,Smithtown,Iowa,046.919.2751x5332,None,2024-08-11
626,Michael,Johnson,vrichardson@brown.com,Kevinland,Virginia,199-962-7317,Gold,2023-03-18
627,Thomas,Romero,zcunningham@livingston.com,East Victor,Utah,328.514.4117,Bronze,2022-12-01
628,Sheila,Murphy,jason94@hotmail.com,Natashachester,Colorado,(858)275-7120,Silver,2021-11-04
629,Ricky,Harris,webbmandy@hotmail.com,Jamesport,Pennsylvania,6528332269,Gold,2023-07-23
630,Maurice,Riley,keithbryant@davis-gilbert.com,South Daniel,Maryland,(146)090-8309x89530,None,2024-04-26
631,Janice,Gomez,amandagarcia@gmail.com,Port Timothy,Rhode Island,(715)346-9808x332,Bronze,2022-05-19
632,Amber,Rodriguez,emilygomez@washington.net,Leslieberg,Connecticut,(319)193-4625x983,Bronze,2024-06-18
633,Bradley,Bradley,mariojordan@hotmail.com,West Christopher,Maine,+1-165-813-6952,Silver,2022-08-20
634,Marissa,Wang,christine23@gmail.com,Lake Devin,New Hampshire,775.638.5532x76201,Bronze,2023-10-05
635,Michael,Jones,xlopez@gmail.com,West Lisa,Vermont,(015)415-8970,Silver,2023-04-14
636,Kelly,Page,pamelamartinez@turner.com,West Darrell,Connecticut,(327)039-8793,Silver,2021-10-23
637,Cassandra,Bryant,henrygomez@miller.com,Mcphersonshire,Virginia,(855)054-3562x3027,None,2022-06-28
638,Michael,Ward,taylorbecky@howe-ryan.com,West Wesley,Florida,609-053-3328x18156,Bronze,2021-07-08
639,Nicole,Fields,hurleybryan@hotmail.com,East Jennystad,North Dakota,576.974.4046x5742,Gold,2022-07-31
640,Frank,Walsh,davidthomas@baldwin-fletcher.com,North Laura,Minnesota,(136)591-0603x346,Gold,2020-11-29
641,Dean,Casey,ktucker@yahoo.com,Ramirezstad,Colorado,+1-576-409-1068,Gold,2022-11-23
642,Lisa,Pierce,zgray@bates-gomez.com,Lake Danielberg,Connecticut,2687988209,Bronze,2022-11-21
643,Robert,Johnson,patriciatorres@gmail.com,Rodriguezton,Indiana,401.157.8424x456,Bronze,2023-09-14
644,Robyn,Davis,mary08@gmail.com,Raymondborough,Maryland,3452284142,Gold,2021-01-12
645,George,Proctor,douglas65@hotmail.com,Wilsonmouth,Utah,832.961.9296,Silver,2023-03-13
646,Michael,Jones,ljensen@avila-patel.com,Lake Philip,Nevada,001-515-178-2512x8771,Silver,2022-09-03
647,Tracy,Soto,bellsean@deleon-smith.org,Masonland,Illinois,+1-210-302-1679x9508,Silver,2021-01-18
648,Rachael,Harris,johncollins@yahoo.com,Alvarezchester,New York,111.652.4439,None,2024-08-13
649,Roy,Parks,tracey41@yahoo.com,Berrystad,Arkansas,194.485.8206,Silver,2020-08-11
650,Lauren,Carter,michaelweiss@newman-davis.com,Jessicachester,Vermont,649.849.6865x215,Silver,2023-02-03
651,Matthew,King,donnacochran@hodge-villa.org,New Joshua,South Carolina,001-675-368-5887,Silver,2020-07-17
652,Cynthia,Walker,sarah23@joseph.com,Mendezfort,Massachusetts,+1-950-000-7834,Silver,2022-08-10
653,Jermaine,Flores,jenniferryan@gomez.net,Port Jeffery,Iowa,006.270.0537x063,Gold,2024-03-25
654,Stephen,Montgomery,lewisjeffrey@kelly.net,Evansland,Oregon,001-827-027-5997x894,Bronze,2021-01-27
655,Scott,Robertson,robinsonpatricia@arnold.com,West Valerie,Illinois,248-218-2075,Gold,2023-05-26
656,Thomas,Henderson,afrank@yahoo.com,Lake Donnamouth,Texas,+1-752-456-8123,Gold,2024-05-29
657,Andrew,Brown,alanwright@gmail.com,Chapmanchester,Rhode Island,421-850-5900x6261,Gold,2020-04-02
658,Marie,Hernandez,vcabrera@haley-morris.com,West Barbara,Alabama,(476)062-8861x95208,Silver,2021-01-07
659,Lisa,Wu,lisa44@collins.com,Lake Taylorchester,Maine,021-717-8118x3789,None,2020-03-29
660,Sarah,Thompson,christopher51@gmail.com,Louisborough,New York,+1-287-098-8320x83353,None,2020-03-01
661,Ann,Mathews,rodriguezcharles@jackson-eaton.com,Ashleyhaven,Colorado,630-794-7477x221,Bronze,2023-12-23
662,Lucas,James,vhuff@whitaker.com,Port Andrewburgh,Nebraska,753-993-5319x653,Silver,2021-08-22
663,Stephanie,Lewis,courtney17@gmail.com,New Amyland,Indiana,001-608-208-6873x67987,Silver,2022-05-26
664,Melissa,Osborne,cynthia67@yahoo.com,Smithtown,Maryland,+1-055-233-2432x65703,Gold,2023-03-19
665,Margaret,Dickson,jacobmcfarland@frazier-sanchez.net,West Michael,Nevada,344-621-9181x6339,Bronze,2022-07-04
666,Rita,Rivera,mjones@yahoo.com,Dodsonland,Illinois,373.106.8263,None,2021-10-22
667,Brian,Pearson,mcintyredrew@thompson-hughes.com,Lake Victoria,West Virginia,3207691246,Gold,2023-09-22
668,Colleen,Lloyd,garcianicole@yahoo.com,Ericburgh,New Hampshire,678.919.0539x66638,None,2020-06-28
669,Chad,Larson,chadbrown@yahoo.com,West Cynthia,Wisconsin,254.778.0346x69289,None,2022-06-07
670,Zachary,Young,amymartinez@fisher.com,Brownstad,Maryland,+1-239-686-4152x4980,Silver,2020-09-18
671,Ashlee,Brown,gutierrezkatherine@singh.com,New Aaronville,Oklahoma,1744290770,None,2021-12-28
672,Jason,Shannon,butlerlisa@gmail.com,East Nicolemouth,California,677.106.1035x80328,Silver,2022-10-03
673,Renee,Baird,xtorres@hotmail.com,Maxwellmouth,Mississippi,001-086-069-0894x68808,Silver,2021-03-08
674,Matthew,Brown,stephenmcintosh@lam.org,Andrewport,Missouri,394.260.8946x665,Gold,2021-04-17
675,Michael,Patterson,hdurham@robinson.net,West Julia,Arizona,(005)060-6835x25242,Gold,2022-08-22
676,Kaitlin,Sweeney,bradthomas@hotmail.com,Moonfort,California,390.796.4311,Bronze,2023-08-19
677,Thomas,Mcgee,bradylisa@yahoo.com,Jacksonmouth,South Carolina,284-725-2864,None,2024-10-07
678,Clayton,Ryan,ihall@gmail.com,North Michaelborough,Tennessee,001-437-946-4089x982,None,2022-01-11
679,Jodi,Sherman,amber09@smith-lewis.com,Brendamouth,Hawaii,197-021-3743x794,Bronze,2022-01-31
680,David,Walker,sarahcase@yahoo.com,Millsstad,Texas,+1-903-968-3251x463,Bronze,2020-02-06
681,Jason,Woodward,karenjohnson@jimenez.com,Lake Adam,Oregon,001-734-868-8422x54953,Bronze,2024-06-08
682,Diana,Mcdaniel,pduffy@stevenson.info,Wendymouth,West Virginia,001-194-067-2947x63431,Silver,2023-11-26
683,Robert,Gonzalez,osummers@gmail.com,North Jasonport,Arizona,001-122-914-1320x39162,Gold,2024-01-30
684,Ryan,Hays,ccrawford@johnson-harris.org,Lake Misty,Missouri,(783)161-4694,Silver,2020-11-29
685,Timothy,Newton,melinda56@neal-franco.biz,Port James,Kentucky,708.337.4967,Gold,2024-02-07
686,Don,Davidson,karensmith@yahoo.com,Johntown,New York,472.361.3549,Silver,2020-01-14
687,Erin,Barry,phillip81@snyder-walker.com,West Lindseystad,Missouri,660-769-6843,Gold,2021-09-10
688,Jacqueline,Riddle,ambersmith@gmail.com,Lake Matthew,Indiana,(262)243-8455x8866,Bronze,2023-04-02
689,Jill,Peck,richardsjennifer@hotmail.com,South Sabrinaburgh,Louisiana,200.804.2644x63066,Bronze,2020-03-07
690,Aaron,Johnson,patkins@hanson.com,East Michael,Iowa,+1-500-729-2771x5258,Gold,2024-01-02
691,Christopher,Douglas,luis90@hill-richardson.com,Michaelborough,Mississippi,(504)509-4962x380,Silver,2022-04-28
692,Anna,Mccormick,qpearson@hotmail.com,Johnsview,Rhode Island,(529)354-1131,Bronze,2023-06-19
693,Sarah,Washington,steventaylor@gmail.com,New Angelaland,Vermont,800.796.8565,None,2023-11-12
694,Allen,Gilmore,badkins@hotmail.com,East Heather,Indiana,001-697-523-6012x7465,Gold,2021-12-02
695,Mark,Jones,ydougherty@yahoo.com,Port Kari,Vermont,+1-760-856-9283x02744,Silver,2023-07-15
696,Kimberly,Hill,stephaniejoyce@yahoo.com,Joshuamouth,Delaware,001-381-298-0568x99710,Gold,2021-01-02
697,Patricia,Ramirez,christianyoung@hotmail.com,East Tanyamouth,Illinois,(481)701-3527x0155,None,2023-06-01
698,Jacqueline,Valentine,petersonmichael@gmail.com,Richardtown,Michigan,5801679630,Bronze,2020-05-02
699,Elizabeth,Humphrey,megan92@young.biz,Josephfort,West Virginia,798.763.7313x9107,Bronze,2020-08-25
700,Mariah,Stewart,rhanson@hotmail.com,Ramirezchester,Texas,0817765319,None,2021-03-23
701,Mark,Lawrence,matthew81@reynolds.info,North Marvinside,North Carolina,001-986-896-9939x2025,Silver,2022-12-28
702,Gregory,Adams,esmith@gmail.com,Taylorborough,New Mexico,502-400-3941,None,2020-03-10
703,James,Rodriguez,harrisonrichard@jones-hall.com,Annatown,Georgia,930.419.5957x303,Bronze,2020-12-04
704,Anne,King,allison02@vasquez.com,Williamsburgh,Illinois,602-659-9246,None,2024-05-27
705,Miranda,Johnson,tyler88@brown.com,Bakerside,Montana,2227116860,Silver,2021-03-10
706,Carolyn,Marshall,hughestravis@moore.org,West Henry,Wisconsin,(597)524-6122x2629,None,2023-07-27
707,Jeffrey,Wise,thomas76@hotmail.com,Tapiahaven,Vermont,718-223-0078,Silver,2021-03-22
708,Alec,Reynolds,amyphillips@yahoo.com,Hernandezland,Maryland,335-186-7916x46399,None,2023-07-04
709,Kathleen,Johnson,samuelmyers@yahoo.com,New Loriton,Alaska,(907)082-0786,Gold,2023-07-05
710,David,Prince,dschroeder@yahoo.com,South Sherri,Alabama,+1-765-789-2264x613,Gold,2024-06-24
711,Amber,Reynolds,megan60@hotmail.com,New Luis,Kentucky,(720)777-7336x50868,Bronze,2021-10-23
712,Victoria,White,mooreshelly@yahoo.com,West Douglasfurt,Mississippi,265-178-3624,Bronze,2024-03-12
713,Jim,Walker,nguyenmichael@melton.com,Jessicaton,Michigan,1506326193,Silver,2021-03-17
714,Christopher,Mitchell,tammymassey@davidson-lucas.biz,Christopherfort,Oklahoma,640-822-5481,Bronze,2024-10-05
715,Christopher,Case,dominiquegregory@gmail.com,Lake Kyleview,New York,001-902-844-3866x7673,Silver,2020-04-14
716,Susan,Walker,hjames@ferguson.com,Davisberg,Maryland,595-154-8881,None,2021-07-20
717,Karen,Chapman,riverajesus@hotmail.com,Haroldside,Alabama,273-739-8086x7525,None,2021-04-21
718,James,Evans,ryanmoore@gmail.com,West Natalie,Wyoming,789.603.9576,None,2020-12-14
719,Ashley,Miller,tweiss@yahoo.com,North Davidfort,Utah,(161)642-2131,Bronze,2020-01-01
720,Patricia,Robbins,stoneelizabeth@mcknight.biz,North Phillipton,Indiana,+1-168-462-0283x83971,Silver,2022-10-29
721,John,Ingram,ffisher@hotmail.com,Carolynfort,North Dakota,892-773-0291,Bronze,2021-04-09
722,Angela,Braun,elizabethsmith@gmail.com,Christianborough,Michigan,2380008549,Gold,2024-02-19
723,Pamela,Bates,thomasfoster@collins-ayala.net,East Charles,Idaho,(600)830-2123,Bronze,2022-03-21
724,Brenda,Martinez,brianaoneill@yahoo.com,Millerborough,Alabama,001-074-188-0681x9939,Gold,2023-05-11
725,Jonathan,Avery,nataliesullivan@zuniga.biz,Patriciaberg,Idaho,852.893.1458x093,Silver,2020-12-20
726,Barbara,Zuniga,robertsrobert@yahoo.com,Jeremyhaven,South Carolina,285.191.2610x61131,None,2021-01-06
727,Kristin,Cameron,lcox@gmail.com,Holmeston,Colorado,090.175.1256x38081,Gold,2021-04-14
728,Erica,Wood,harveyelizabeth@gmail.com,Austinbury,Nevada,773-981-9335x23056,Silver,2021-03-10
729,Russell,Owens,osanchez@walker-raymond.net,Janetbury,Ohio,(088)130-6982,Gold,2022-01-26
730,David,Carter,xrobertson@hotmail.com,Joshuabury,Hawaii,001-929-651-9516,Silver,2024-08-18
731,Amy,Vargas,aaronherring@lewis.com,Frazierchester,Hawaii,+1-764-773-5181x852,Gold,2024-03-06
732,Jonathan,Stephens,lisa69@matthews.org,North Henryfurt,Hawaii,+1-913-761-0360x681,None,2023-05-31
733,Carla,Clarke,burtonlinda@yahoo.com,Suttonville,Michigan,001-123-644-5811x263,Gold,2020-08-23
734,Laura,Parks,robert11@chapman-manning.com,Ronniemouth,Kentucky,719.713.2480,None,2022-03-10
735,Stephanie,Trevino,zjones@hotmail.com,South Chelseaview,New Hampshire,(098)290-9582x38676,None,2023-08-22
736,Justin,Stewart,judy92@owens.net,Matthewburgh,Colorado,701-640-7798x46015,None,2024-10-14
737,Shannon,Mcfarland,browngeorge@merritt-lopez.com,West Christopher,Tennessee,(021)138-7440,Silver,2022-02-19
738,Stephanie,Barrett,jacob28@yahoo.com,Port Kim,Indiana,798.490.6956x7402,Bronze,2022-12-16
739,Jonathan,Lee,rogersjonathan@williams.com,East Patrick,Kansas,+1-141-269-4078x984,Silver,2020-04-15
740,John,Gregory,andersonanthony@gmail.com,South Stephen,North Carolina,231.776.6946x6083,Gold,2024-01-28
741,Austin,Bolton,michael50@hill-ryan.org,East Williamshire,Michigan,705-256-1748,None,2021-10-09
742,Vanessa,Thomas,hillsteven@huynh.info,North Vernon,Arkansas,434-936-3595x344,Gold,2024-08-07
743,Kent,English,victoria03@gonzalez.com,Jenniferview,Missouri,(309)768-3606x45599,None,2023-07-03
744,James,Poole,jesus85@hotmail.com,Sullivanburgh,South Dakota,158-571-8861,Silver,2020-03-30
745,Debra,Williams,amy86@trevino-zhang.biz,Lake Sarah,New York,001-297-077-9769x7941,Bronze,2021-06-18
746,Christopher,Barker,warnerbenjamin@hotmail.com,Benjaminfort,Maine,+1-568-361-9387x5276,Silver,2022-08-31
747,Angela,Navarro,melissa01@le-obrien.com,Maryborough,Alaska,9296436840,Gold,2022-09-09
748,Christopher,Rogers,kevin15@hotmail.com,Lake Loriland,New Hampshire,001-566-470-1508x6548,Silver,2021-11-08
749,Kevin,Wolfe,zacharywagner@mccall.com,Morganland,Hawaii,(026)230-3867x99013,Gold,2020-10-28
750,Kevin,Young,tanya13@yahoo.com,Devintown,Maryland,001-033-281-2098x76536,Silver,2024-02-24
751,Michael,Rodriguez,lance65@thompson.biz,Port Matthew,Oregon,(444)319-2140,Bronze,2020-08-19
752,Michelle,Hernandez,brownveronica@williams-joyce.net,North Scottville,South Carolina,+1-566-076-8415x14822,Bronze,2023-05-14
753,Kevin,Stanley,taylor92@cox.com,Lake Ryanchester,Virginia,001-822-135-6325,None,2022-01-13
754,Sherri,Arnold,clowe@lamb-gibson.com,North Rachaelland,New Jersey,(345)470-5233,Gold,2023-01-10
755,Jacqueline,Anderson,darlene83@gmail.com,South Meghan,Utah,257-647-9763x681,Gold,2021-10-27
756,Michael,Miller,castanedaevan@yahoo.com,Emilyland,Florida,(148)171-1657,Bronze,2021-03-03
757,Sean,Cervantes,deantracy@hotmail.com,New Lindsaystad,Alabama,005-863-6806,Gold,2024-06-28
758,Nicole,Velazquez,sullivanjulie@yahoo.com,Ralphtown,Texas,5480625434,None,2023-05-26
759,Patrick,Key,parkerjames@yahoo.com,New Ruthchester,North Carolina,001-280-850-6962x55253,Silver,2024-08-15
760,Jacob,Wilson,ianderson@yahoo.com,East Michael,Colorado,+1-513-236-1477x1094,None,2020-03-07
761,Alicia,Bowen,jennifer99@yahoo.com,Hartside,Utah,827-421-2575x7077,Silver,2020-12-25
762,Charles,Boyd,katherineeaton@stevenson.org,New Stephanieburgh,Kansas,001-732-504-8397x57415,None,2023-03-25
763,David,Bailey,cwilson@gmail.com,Allisonstad,California,0991883568,Silver,2020-12-13
764,Andrew,Lee,anthony55@hotmail.com,Lake Jenniferbury,Arkansas,001-280-159-0428x6154,None,2020-11-06
765,Margaret,Oconnor,richardhickman@yahoo.com,Johnton,Kentucky,001-741-301-5860x2371,Silver,2020-08-12
766,Nicole,Molina,ulee@wheeler-johnson.biz,East Rachelside,Wyoming,828-285-9014x82230,Bronze,2022-11-13
767,Sandra,Brown,harrelljames@parker.org,Codymouth,Virginia,144-646-4023x424,Bronze,2024-10-04
768,Chelsey,Rivers,rebekah01@gmail.com,South Erichaven,California,239.915.8065,None,2022-08-24
769,Patricia,Conner,fcarter@gmail.com,South Lauren,Alabama,(633)837-3821,Gold,2020-06-18
770,Mary,Burke,briannamolina@yahoo.com,Kelseyside,Utah,998.395.2081,Bronze,2023-03-09
771,Sherri,Eaton,campbellgary@garrett.com,Port David,North Dakota,5057547646,Bronze,2022-11-02
772,Shelley,Russell,theresaalvarez@yahoo.com,West Kaylaside,Arkansas,001-425-063-3883x886,Gold,2020-10-06
773,Joseph,Lyons,michael71@hotmail.com,Victoriamouth,Colorado,001-684-162-1148,Bronze,2023-10-07
774,Heather,Rodriguez,arthur62@goodman.net,South Kimberlyhaven,Alabama,+1-315-652-1488,Gold,2024-02-18
775,Sherry,Hendrix,davidellis@brown-mendoza.com,Port Thomas,North Dakota,001-404-498-5270x599,Bronze,2021-10-10
776,Christopher,Jordan,justin65@hotmail.com,North Cindy,Washington,(144)304-5341,None,2021-09-13
777,Jeffrey,Brooks,aaron93@schmidt.net,Port Kyle,Nevada,384-865-9068x25779,None,2022-10-17
778,Matthew,Perry,ritterelizabeth@braun.com,Lake Christopher,Illinois,5552975807,None,2024-06-30
779,Mary,Anderson,littledouglas@atkinson.com,Washingtonfurt,Ohio,851-640-1645,Bronze,2023-07-08
780,Brady,Daniels,stanleyeric@gmail.com,Davisberg,Delaware,501-382-1520x515,Bronze,2023-01-23
781,Kayla,Hernandez,meredith86@juarez.net,Williamsberg,Vermont,+1-145-288-1838x5781,Bronze,2023-04-30
782,Frances,Shea,stokespeter@cooper-harris.net,Lake Ashleyborough,Illinois,+1-543-290-8316x848,None,2024-04-13
783,Christopher,Clark,larryscott@yahoo.com,South Aaron,Texas,(649)231-8913x33934,Gold,2022-04-23
784,Francisco,Brown,barnettroy@gmail.com,Reginaldshire,Wyoming,+1-424-583-2392,Bronze,2020-01-28
785,Ashley,English,lisa85@evans.biz,South Heather,Virginia,001-112-461-0388x6667,Silver,2023-04-25
786,Denise,Ryan,kevin03@west-berry.com,North Charles,Colorado,(090)733-8530x678,Gold,2023-09-19
787,Troy,Navarro,robert31@gmail.com,Williamsstad,New Mexico,949-972-8875x166,Silver,2023-03-09
788,Kayla,Reeves,brandi62@yahoo.com,Port Joechester,South Dakota,001-974-350-0351,None,2021-04-19
789,Anthony,Deleon,angelaperkins@gmail.com,Harrisborough,Alaska,851.138.2983x4444,Bronze,2022-05-05
790,Joseph,Watkins,kimberly22@mcdonald.info,Lake Darrellchester,Arkansas,(742)993-6509,Silver,2020-12-13
791,Tammy,Foster,williamandrews@gmail.com,Robersonmouth,Connecticut,441.055.7551,Gold,2024-06-15
792,Robert,Allen,knightjonathan@vang.biz,South Morganburgh,New Jersey,061.176.3851x41489,None,2022-05-07
793,Louis,James,gonzalezryan@yahoo.com,Port Kenneth,Michigan,476.654.3663x883,None,2023-03-01
794,Kathleen,Escobar,wolfetammy@byrd-baker.biz,Cummingschester,South Carolina,+1-287-050-9710x165,Bronze,2020-03-10
795,Theresa,Oneal,kaylahawkins@marsh.com,Meyersshire,Michigan,(403)923-9411,Silver,2021-03-04
796,Robert,Jackson,wrightdiana@brock-christensen.com,Lake Matthewville,Virginia,412-092-9624,Bronze,2022-03-02
797,Michael,Floyd,cguzman@yahoo.com,East Aliciafurt,Colorado,+1-746-102-3435x672,Gold,2021-08-05
798,John,Wright,barberdebra@kennedy.com,Williamsmouth,Iowa,594.129.2545x76560,Bronze,2020-12-03
799,Sara,Miller,lori19@gmail.com,East Jessica,Mississippi,281-316-9532x57914,Silver,2021-06-20
800,Shannon,Sweeney,pamela90@fisher.com,Marshallburgh,Maryland,408.022.2877,None,2020-05-22
801,Matthew,Lewis,stonejaime@yahoo.com,New Rachel,Kentucky,+1-279-104-9839x15356,None,2022-12-24
802,Ebony,Simmons,pharrington@yahoo.com,Jamesfurt,Ohio,978.824.1069x134,Gold,2021-06-27
803,Courtney,Green,harrisjoseph@gmail.com,New Michael,California,802-585-9370x56615,Silver,2023-09-08
804,Tammie,Gray,hernandezjeffrey@hotmail.com,Tiffanymouth,Wisconsin,+1-199-616-1699x83302,Silver,2024-08-20
805,Christopher,Cruz,rossnancy@gmail.com,West Emily,Tennessee,+1-281-708-2441,Silver,2020-10-23
806,Christopher,Delgado,bgraham@oconnor-strickland.com,Rodneyton,Illinois,205.550.5653,Bronze,2021-08-12
807,Travis,Bell,jacksonkristen@hernandez.com,Garyborough,New Jersey,(020)278-9892,Bronze,2021-10-30
808,Courtney,Peck,tracydodson@russell-bauer.com,New John,South Carolina,(868)908-7773,Silver,2021-04-08
809,George,Gonzales,matthewdavis@mason.com,Katieton,California,(744)795-2447,None,2021-11-21
810,Kyle,Alexander,karen63@stephens-lee.com,East Seanborough,Oregon,553.672.1750x65133,Gold,2020-07-28
811,Dustin,Jenkins,jennifershelton@gmail.com,Moralesberg,Nevada,888.254.4592x4961,Gold,2022-10-20
812,Allen,Mclean,tiffanybarber@luna.com,North Jamesside,Alabama,001-411-798-3424,Bronze,2020-02-17
813,Matthew,Dawson,cmendez@collins.info,South Kelly,South Dakota,001-009-346-9353x66080,Gold,2024-01-03
814,Emily,Davis,danielle74@smith-murphy.com,Sweeneymouth,Wyoming,818-917-9602x9331,None,2022-12-14
815,Edward,Perry,wbutler@gmail.com,Roberthaven,Maryland,019.381.6828,Bronze,2021-11-20
816,Kelly,Santiago,medinabrian@gmail.com,Tracyland,Wisconsin,3534768566,Bronze,2020-11-22
817,Justin,Nguyen,ple@franco-wyatt.com,Marshallmouth,Tennessee,+1-337-685-1658x5987,Gold,2022-10-03
818,Christina,Sherman,thomaslucas@hall-curry.biz,Wardport,Michigan,693-598-7014x751,Silver,2021-07-23
819,Kristopher,Montes,kfisher@ramirez.com,Howardtown,Tennessee,(349)246-8135,Bronze,2023-02-03
820,Kelly,Williamson,clarencewells@gmail.com,South Evan,Colorado,218.299.5817,Silver,2023-05-28
821,Jeffrey,Duran,hodgesangela@yahoo.com,West Brittany,Connecticut,001-172-714-2752x7371,Silver,2023-07-03
822,Kyle,Chase,mgill@gomez.com,South Derek,Michigan,(852)728-0090x3055,Silver,2023-03-15
823,Brittany,Robinson,thomaswallace@massey.com,Lake Brandyshire,West Virginia,6033480301,Silver,2022-07-23
824,Samuel,Peters,vevans@hotmail.com,North Adrianland,Alaska,001-891-824-5233,Gold,2021-03-23
825,Andrea,Lambert,josephortega@frost.biz,Robertview,West Virginia,(421)546-7258,Gold,2022-09-16
826,Janice,Hudson,suesandoval@peterson.com,Amandafurt,Nebraska,9840029081,Bronze,2023-12-15
827,Carol,Davis,gblair@wu-peterson.biz,Lake Dennisville,Louisiana,531-109-0106,Bronze,2022-06-15
828,Laura,Reyes,stevensamber@kennedy.com,Port Patricia,California,+1-888-856-5097,Silver,2020-04-23
829,Kristin,James,christopher80@huang.com,Westshire,Indiana,283-423-0111x17338,Bronze,2020-02-03
830,Jeremiah,Shaw,hwatkins@johnson.com,East Stacyland,Pennsylvania,+1-164-277-4129x0021,None,2022-07-03
831,Jean,Hernandez,wmccarty@gmail.com,Smithburgh,Hawaii,770.156.7326x6979,Bronze,2022-07-21
832,Richard,Munoz,kevin52@sandoval.com,Lisafort,Missouri,001-152-003-9299x664,Bronze,2021-08-07
833,Anna,Grant,haleyburton@webb.org,Maddenville,New York,499.102.5221x427,Gold,2020-07-31
834,Laura,Farrell,parkjessica@rodriguez.com,Nguyenmouth,Pennsylvania,(611)739-8310x53483,None,2021-10-02
835,Robert,Diaz,atkinsamber@gmail.com,Mitchellfort,Idaho,+1-687-046-2973x41495,None,2024-03-16
836,Lori,Johnson,katherinemartinez@yahoo.com,West Mariah,Michigan,269-442-8815x327,Bronze,2024-06-16
837,Sheila,Davis,john30@nelson.com,Kingside,North Carolina,(085)983-9980,Silver,2023-10-06
838,Fred,Perkins,deleonraymond@hill.com,Sloanland,Arkansas,+1-299-259-8958x90083,Gold,2023-08-10
839,Donna,Lane,brettgrant@bell-harrison.net,Garciaside,Kansas,+1-115-797-3780x365,Gold,2021-07-20
840,Shannon,Williams,zgibson@castro.com,North Melissaberg,Arizona,471-179-4137x09019,None,2020-10-30
841,Brandon,Ramirez,jordanjonathon@benton.com,North Shannon,Washington,001-154-814-8187x6043,Bronze,2024-05-14
842,Jason,Brown,isaiah61@armstrong.com,Jordanberg,Montana,667-003-0336x81096,Gold,2024-08-10
843,Catherine,Flores,kent16@gmail.com,Longtown,Iowa,928-697-9931x520,Bronze,2023-04-11
844,Jennifer,Dunn,baguilar@dudley-griffith.org,North Pamelaville,Maryland,001-530-810-8931x5057,Bronze,2023-01-17
845,Stephanie,Perry,brendahall@hotmail.com,Port Crystalburgh,Arizona,(187)347-8719x87946,Bronze,2022-08-23
846,Emily,Fowler,eileensantos@gmail.com,North Aaronside,Iowa,+1-378-146-8493x93539,Bronze,2021-03-23
847,Kimberly,Mullen,sawyergarrett@gmail.com,East Seanchester,Nevada,372-362-3398x685,Bronze,2020-02-27
848,Michael,Smith,christopher23@butler-foster.com,Ingramland,Arizona,001-561-916-7133,Silver,2024-10-10
849,Joshua,Houston,utorres@vargas.com,New James,Arizona,(336)828-3891x56952,Gold,2024-09-29
850,Amanda,Jenkins,pbennett@yahoo.com,North Annaberg,Colorado,095-435-4703,None,2024-06-19
851,Adam,Simpson,steven23@hotmail.com,North Charles,Texas,+1-391-534-1002x67493,Gold,2021-12-26
852,Stephanie,Blair,bmcmahon@owens-conway.com,Port Kimberly,Maine,854-577-6052x1507,Bronze,2021-06-24
853,Hannah,Schmidt,gonzalezmark@gmail.com,Olsenbury,Colorado,8666300481,Gold,2024-04-21
854,Sandra,Jones,gregoryjohnson@butler.com,Port Kaylahaven,Florida,264-344-6674x9404,Bronze,2023-09-29
855,Carmen,Young,belljason@yahoo.com,Lake Diane,Florida,001-650-514-2968x6417,Silver,2021-10-08
856,Brian,Ortiz,belljennifer@yahoo.com,Port Adam,Maine,(374)949-6744,Silver,2022-02-22
857,Amanda,Christensen,jeremylynch@byrd.com,Thompsonchester,West Virginia,119-022-7134x899,None,2024-06-01
858,Shelly,Williams,darrell00@hotmail.com,Hillton,Nevada,666.791.4684,None,2022-03-09
859,Caitlyn,Winters,ryan73@gmail.com,Port Kimberlymouth,Oregon,866-233-5424,None,2022-07-22
860,Douglas,Carney,dianelopez@yahoo.com,Austinshire,New Mexico,+1-466-287-8919x871,None,2022-05-18
861,Denise,Davenport,ricardoramsey@williams.com,Dianaberg,Pennsylvania,(008)406-5304,Bronze,2021-06-30
862,Amanda,Sexton,cathy73@frank-obrien.com,New Henryside,Alabama,(073)954-4925x1058,Gold,2024-04-30
863,Jeffrey,Vazquez,ncalderon@gmail.com,South John,Kentucky,150.586.7342x3216,None,2022-03-16
864,Scott,Mcguire,elliottrhonda@huff.com,Hebertview,New York,(015)995-3079,None,2023-11-28
865,Deanna,Stone,ashleypayne@black.info,West Seanbury,Connecticut,001-945-818-1754x80562,None,2021-01-02
866,Jason,Parker,reyesbrian@hotmail.com,Lake Rebecca,Delaware,001-894-767-5764x906,Silver,2021-11-21
867,Dustin,Combs,michaeldouglas@knapp-velazquez.com,West Lisastad,Maryland,+1-816-357-4807,Bronze,2021-12-19
868,Adam,Johnson,taylorrachel@gmail.com,Roachmouth,Idaho,001-014-181-8708x79502,Gold,2021-07-26
869,Joshua,Robles,pmyers@miller.com,South Troyhaven,Oregon,001-496-289-1600x68713,Silver,2022-05-07
870,Jill,Ponce,patricia85@yahoo.com,New Aprilville,Kansas,818.444.1273x62869,Gold,2020-08-07
871,John,Webb,amandacook@brooks.com,Maryborough,Michigan,(773)691-7528x412,Gold,2022-05-25
872,Jeffrey,Duran,ysimon@yahoo.com,South David,North Carolina,255-774-2187,Gold,2024-02-19
873,Spencer,Moore,joneshannah@schneider.net,Prattburgh,New Jersey,001-685-190-7083x90005,Gold,2024-01-09
874,Jessica,Hampton,carol57@moses.org,Ferrellmouth,Kansas,216.228.3944x6576,Gold,2020-08-05
875,Chase,James,robert09@gmail.com,South Amber,Michigan,001-694-674-0124x52341,Gold,2020-03-28
876,Stephen,Price,zcruz@yahoo.com,Williamhaven,Nebraska,+1-379-327-5577x70409,Bronze,2021-05-08
877,Jean,Smith,harrisjulie@harper.com,Jasonland,Hawaii,952.980.3320x70506,Gold,2024-04-19
878,Sheila,Singleton,mavery@brandt.com,Karenview,Georgia,880-880-5471x5277,Silver,2020-04-20
879,James,Obrien,lauraharrison@hotmail.com,Robertfurt,Alaska,473-606-7680,Bronze,2023-11-13
880,Francisco,Norton,gutierrezrenee@yahoo.com,Paulville,North Carolina,333-387-3367,Bronze,2023-07-09
881,Laura,Barnes,juan21@yahoo.com,Roberttown,South Dakota,893-202-0040x28783,Silver,2021-06-29
882,Kimberly,May,lhubbard@gmail.com,South Thomasside,New Hampshire,+1-493-594-4425x9932,None,2023-12-20
883,Kimberly,Brown,markgross@gmail.com,Lake Mariahaven,Connecticut,+1-968-194-1627x505,Gold,2023-04-28
884,Nicole,Kaiser,petersholly@hotmail.com,Gomezborough,Idaho,(453)415-5569x675,Gold,2023-08-31
885,Brooke,Wright,scott90@hotmail.com,Wendyburgh,Illinois,(858)921-7839x187,Bronze,2021-05-09
886,Tara,Melendez,jordannicole@yahoo.com,Adamsmouth,Virginia,001-551-275-5259x779,Gold,2022-07-24
887,Sonya,Little,ijarvis@gmail.com,Jamesborough,North Dakota,+1-899-891-2018,Gold,2023-09-22
888,John,Pierce,marvindean@gmail.com,Port Davidberg,California,001-867-189-2681x348,Silver,2020-11-19
889,Raven,Pennington,bodom@vincent-parker.com,Garciastad,Montana,7576004169,Bronze,2022-04-02
890,Lisa,Wright,linda35@molina-hanson.com,North Julian,Arkansas,412.246.0238x0671,Silver,2023-02-06
891,Debra,Hernandez,nelsonnoah@yahoo.com,Lake Danielle,Oregon,087-402-8961x59957,Gold,2024-06-18
892,Colton,Black,caseyrodriguez@hotmail.com,Port Shawnside,Massachusetts,(572)304-3366,None,2022-03-20
893,Earl,Payne,wayne55@schroeder.com,Lake Heathershire,Iowa,816-281-3177,Bronze,2022-10-05
894,Cathy,Sanchez,lsellers@yahoo.com,West Anthony,Louisiana,355-215-7208x4790,Silver,2022-10-03
895,Timothy,Obrien,ogeorge@hampton-cantu.com,Elizabethbury,Georgia,113-630-1019,Bronze,2024-04-04
896,Jesus,Rush,beardsara@perez.org,Chadshire,North Carolina,+1-133-072-2837,Gold,2021-12-23
897,Philip,Terrell,simpsonjocelyn@hotmail.com,Whiteside,Montana,+1-770-113-9221x90407,Gold,2020-06-21
898,Deborah,Bradford,shepherderica@hotmail.com,Melissaberg,Mississippi,+1-396-934-8105,None,2022-01-22
899,Shawn,Booker,gregory89@stafford-avila.info,Paulafurt,Texas,+1-771-532-7166,Bronze,2023-11-09
900,Harold,Taylor,thomas27@yahoo.com,East Benjaminfort,Kentucky,537-543-1235x41865,None,2023-01-25
901,David,Villarreal,osbornrodney@gmail.com,Lake Josephland,Connecticut,128-096-8419,Bronze,2020-01-23
902,Stacey,Sanders,tara99@parks.org,Sherryfurt,Colorado,001-885-577-3659,Bronze,2021-01-03
903,Brandon,Aguilar,nielsenmegan@hotmail.com,Markshire,New Hampshire,+1-699-124-9930x88462,None,2024-01-13
904,Bryan,Dunn,richard29@yahoo.com,West Julie,Idaho,001-628-733-7094x29055,Silver,2024-06-08
905,Jared,Copeland,qvance@yahoo.com,West Katherine,Oregon,(158)402-0828,Bronze,2024-08-01
906,Carrie,Jones,ismith@joseph.com,Kimberlyview,California,1735702286,Gold,2024-09-28
907,Richard,Cabrera,kurt87@gonzalez.com,Melissastad,North Carolina,2002505174,Gold,2022-01-20
908,Aaron,Stevens,dwiley@hotmail.com,Knightmouth,South Dakota,+1-304-957-5368x099,Gold,2020-03-23
909,Robert,Thomas,yosborn@gmail.com,Greermouth,Utah,975.745.4056,Gold,2022-03-21
910,Sheena,Woods,wendy84@jones-meza.com,Connieton,Michigan,001-825-676-9307x5887,Gold,2023-09-05
911,Courtney,Stuart,katiedavis@kennedy.net,Fergusonborough,Washington,674.432.1667,Bronze,2021-04-27
912,Aaron,King,vaustin@gmail.com,West Travis,Pennsylvania,(268)779-6589x1985,Bronze,2024-03-17
913,Samantha,Montoya,hwhite@yahoo.com,Whitakerview,Kentucky,(873)837-6754x720,None,2020-11-03
914,Sarah,Trevino,ylevine@morrison-hayden.net,North Deniseborough,Ohio,001-120-816-7393x613,Silver,2021-06-28
915,Cheryl,Santiago,dwerner@gmail.com,South Davidberg,Washington,804-298-4937x1793,Bronze,2021-10-26
916,Robin,Farley,carsonkatelyn@hotmail.com,Deleonbury,Missouri,296.480.7729x33724,None,2022-05-26
917,Danielle,Brown,sanderssteven@williams.com,West Matthew,Iowa,850-257-7553x7507,Gold,2022-01-07
918,Daniel,Turner,james02@hotmail.com,West Kristen,Oregon,(100)134-8949x64650,Silver,2020-03-11
919,Jaime,Henry,lisaobrien@perry.com,East Steven,Mississippi,9868233494,None,2024-02-16
920,Karen,Burton,mdorsey@gmail.com,South Julieview,New Hampshire,923.515.7965,Gold,2023-03-17
921,Bradley,Diaz,chad52@palmer.com,New Jasmin,Arizona,+1-990-153-0215,Bronze,2024-08-31
922,Joseph,Benson,michaelhammond@gmail.com,Gonzalezport,Massachusetts,152-239-2203x4036,None,2020-01-24
923,Joshua,Moore,mward@thomas.com,North Rebecca,Arkansas,001-193-387-1487x11488,Silver,2021-07-20
924,Keith,Heath,maria50@serrano.org,Michaelshire,Indiana,648-940-7726,Silver,2024-01-13
925,Carl,Casey,stephanie89@wyatt.org,Turnerberg,Alabama,375-223-9254x2339,Silver,2023-07-02
926,Mary,Sanchez,caroline19@hotmail.com,West Ashley,South Dakota,(720)602-7747x18822,Silver,2020-08-21
927,Bobby,Ramsey,figueroamarissa@yahoo.com,Patrickfurt,Indiana,(484)227-4355x89456,Bronze,2021-02-12
928,Bradley,Ryan,angel39@hopkins.com,Port Daniel,South Carolina,880.933.3424x0165,None,2022-02-12
929,Joann,Chapman,maria03@warren.org,North Russellstad,New Hampshire,+1-634-450-4261x6988,Gold,2021-09-05
930,Isabella,Garcia,kmiller@hotmail.com,Lauraville,Indiana,357.483.4854,Bronze,2020-10-09
931,Mitchell,Moore,carolwhite@gmail.com,Mcknightton,Iowa,+1-261-618-3946,Bronze,2023-12-10
932,Danielle,York,alexanderkelly@jefferson.com,New Jeffrey,North Dakota,403-152-1364x348,Silver,2022-10-15
933,Amy,Flores,robinwhite@weaver.com,Kelleyview,Arizona,001-237-907-9421x54176,Gold,2020-09-01
934,Eric,Cobb,wpalmer@ward.org,Maymouth,Louisiana,001-467-546-0587,Silver,2022-08-17
935,Robin,Mahoney,james17@harmon.net,South Meghan,Rhode Island,+1-399-274-4830x1571,None,2024-07-23
936,Juan,Green,daisyhenry@hotmail.com,Christinestad,South Carolina,289-476-7596,None,2022-02-12
937,Leah,Miles,anthonyevans@rowe-ellis.com,Doughertyshire,Oregon,(018)975-3574x1185,Silver,2020-07-31
938,James,Harrell,nancy97@arroyo-webster.com,Kellystad,Nevada,(375)617-9652,Bronze,2023-09-17
939,Mary,Grimes,douglasharvey@gmail.com,Davidstad,Kansas,181-367-0608x43778,Bronze,2023-05-21
940,Benjamin,Bell,tsullivan@gmail.com,New Ryantown,Texas,(147)115-3978x4895,Silver,2021-12-14
941,Amy,Hardy,michaelhill@yahoo.com,Doughertyfort,Utah,466-193-5245x17486,None,2021-04-30
942,Michael,Giles,dakota12@townsend.com,Caseyborough,Washington,(110)904-3635x741,Silver,2020-04-23
943,Joseph,Dunn,jaygriffith@yahoo.com,Prestonbury,Idaho,+1-843-471-0182x60928,Gold,2021-03-11
944,Mary,Ochoa,bakerstephanie@martin-levy.com,Melanieton,New Hampshire,205.655.8660,None,2023-01-16
945,Christopher,Martinez,dana07@yahoo.com,Lake Nichole,Oklahoma,327-232-0782,Silver,2024-07-10
946,Jeffrey,Lewis,rebeccapeterson@mcdonald.net,Piercehaven,Nevada,001-137-690-1038x4173,None,2024-08-09
947,Kimberly,Lopez,maria21@le.biz,Lake Christian,Kansas,8234070702,Gold,2021-01-01
948,George,Martin,xrichardson@gmail.com,Port Sarahton,Montana,+1-555-443-9550,Bronze,2024-04-08
949,Jason,Davis,lhouse@gmail.com,Sandrafurt,Arkansas,(823)656-9262,None,2022-01-07
950,Jay,Holloway,edwardkeller@weaver-vang.com,East Brianville,Indiana,+1-108-801-1480,None,2021-12-27
951,Katherine,Boyer,elizabethnguyen@gmail.com,Lake Sarahview,Kansas,166-676-3896,Gold,2023-08-09
952,Joshua,Curry,ericwilliams@yahoo.com,Thompsonmouth,Missouri,357.495.2981x143,Silver,2022-06-02
953,Nicholas,Robbins,elizabethwoods@bolton-shaffer.com,Michaelstad,New Mexico,(637)702-7711x51057,Gold,2022-06-03
954,Gregory,Brown,william41@gmail.com,Port Laura,Rhode Island,285-652-8223x94021,None,2022-05-14
955,Kyle,Johnson,nyates@brown-shaffer.com,Lake Brianborough,Kansas,001-679-246-1611,None,2023-02-01
956,Kayla,Blackburn,vbarnett@perez-manning.com,Benjaminville,Louisiana,496-593-2048x86061,None,2020-07-22
957,Megan,Stewart,mullinsamy@harrison-solis.com,Carriefort,California,817-990-3432x432,None,2023-05-03
958,Cesar,Boone,amy56@hotmail.com,East Rachael,Florida,233-273-4456x861,Bronze,2023-03-25
959,Mark,Cole,john94@boyd.com,West Joshuafort,Wyoming,(222)015-2780x656,Bronze,2021-12-12
960,Shawn,Cohen,thomassarah@brown.info,Matthewberg,Alabama,201-664-2293x524,Silver,2020-05-10
961,Joanne,Jones,elizabethdavila@yahoo.com,South Douglas,North Dakota,+1-529-943-8257,Silver,2023-01-25
962,Lee,Sampson,campbellanthony@hotmail.com,Englishton,Virginia,6613024560,Bronze,2022-11-01
963,Maria,Henderson,ihammond@gmail.com,North Vanessafurt,Florida,751-910-8886x685,Gold,2023-03-08
964,Mary,Carroll,elizabethandrews@bean-warren.org,Port Ronald,New Mexico,001-679-664-5445x94545,None,2023-03-07
965,Alexandra,Kline,smithnicholas@cox-smith.com,Alexaland,Texas,+1-669-002-9172x430,Gold,2023-06-05
966,Rebekah,Thompson,davidstout@yahoo.com,Stevenside,Maryland,8167438893,None,2024-08-03
967,Timothy,Adams,xallen@roach.com,Lisaborough,Oklahoma,001-813-856-6598x07143,Bronze,2024-01-14
968,Jessica,Davis,milleralyssa@yahoo.com,Fernandezstad,New Jersey,159.765.4958x235,Silver,2021-11-14
969,Marvin,Adams,qjones@graves.info,Robertstad,Texas,001-006-795-6723,Bronze,2023-04-11
970,Suzanne,Barron,morenojackie@james.com,East Dustinfort,Wisconsin,+1-514-783-3449x5419,None,2021-10-27
971,Jaime,Mcdonald,smithgail@gmail.com,Brentburgh,Louisiana,001-079-266-7387x62754,None,2021-09-23
972,Darren,Moore,hickskrystal@trevino-pace.com,Lake Stacey,Tennessee,062-442-5891x234,Gold,2021-12-19
973,Laura,Price,zjohnson@duncan.com,Griffithburgh,New Mexico,567.095.7383,None,2022-04-06
974,Samantha,Nelson,simmonswilliam@gmail.com,Toddview,Nebraska,(268)287-6707x610,Gold,2020-10-31
975,Meagan,Klein,tinabaldwin@smith.com,Jesusbury,South Carolina,280-121-2340,Silver,2022-07-20
976,Mary,Phillips,jason54@gmail.com,Davilachester,New York,044.639.9410x260,None,2023-12-10
977,Stacy,Glass,lmedina@campbell-martinez.com,Hawkinsview,Georgia,(156)524-4921x823,Bronze,2024-03-03
978,Dale,White,lanemichael@hotmail.com,Timothyfort,Utah,(428)766-8279x419,Silver,2020-09-04
979,Bryan,Silva,jonathanstewart@nguyen.net,Anthonyshire,Connecticut,453-017-9948x1768,Bronze,2020-10-19
980,Nicholas,Scott,jasongalloway@rodriguez.com,New Heidi,Alabama,(961)626-1143,Bronze,2021-01-01
981,Lisa,Mcdonald,smithlindsey@mendoza.org,North Megan,Michigan,076-080-3179,Gold,2022-08-04
982,Robin,Bradshaw,franklinangela@taylor.com,South Mistyburgh,Kansas,+1-570-547-4125x49388,Gold,2020-06-23
983,Brianna,Serrano,lfoley@hotmail.com,Zhangport,Arizona,3454453915,Bronze,2022-09-14
984,Austin,Collins,wandacole@yahoo.com,New Katherine,Oregon,787-408-8129x234,Gold,2022-11-14
985,Brian,Williams,carlycoleman@yahoo.com,Nixonberg,Rhode Island,+1-905-310-3796,Gold,2022-04-19
986,Harold,Pierce,gallegosdavid@yahoo.com,Byrdview,Mississippi,+1-699-471-7119x6790,None,2023-09-04
987,Natalie,Wade,dburns@gmail.com,South Sherri,Illinois,+1-062-307-1136x1094,Bronze,2023-10-08
988,Emma,Vazquez,larry97@smith-johnson.com,Townsendfort,Alaska,(216)795-1311x897,None,2023-05-02
989,Kristi,Johnson,hmartinez@yahoo.com,New Davidfort,Oklahoma,+1-451-007-0491,None,2022-02-12
990,Randall,Brown,jeffrey53@gmail.com,North Scott,Maine,7823501854,Bronze,2023-01-15
991,Nathaniel,Lopez,thomas26@yahoo.com,Michaelstad,Mississippi,+1-366-960-0964x76257,Bronze,2022-12-12
992,Thomas,Lamb,morrisalicia@khan.com,New Michael,Texas,525-405-6933,Gold,2024-04-28
993,Sara,Hamilton,jamie09@caldwell.com,New Andrewtown,Wyoming,642-947-8509,Bronze,2021-07-17
994,Teresa,Reid,anthonywilliam@mendez-graves.net,Port Kyle,Wyoming,388.413.6384x0515,Bronze,2023-06-20
995,Susan,Chavez,stephen92@hotmail.com,West Johnnytown,Alaska,(673)660-0015,None,2021-01-08
996,Lauren,Bowman,wardrandy@gmail.com,Port Daniel,California,779.176.2005,Bronze,2020-05-11
997,Vanessa,Bass,larsencurtis@aguirre.com,Benjaminview,Virginia,001-457-162-5172,Bronze,2023-05-15
998,Darrell,Perez,pwalls@bean-cortez.com,East Edwardfurt,Wyoming,001-149-626-8393,Gold,2022-10-27
999,Jesus,Smith,ashley36@davis.com,Lake Anthonymouth,North Carolina,(515)948-9931x711,None,2020-08-26
1000,Thomas,Baldwin,amy31@moreno.com,South Matthew,Utah,320-933-6377x332,Bronze,2023-09-22
